lesson,kind,resource_id,title,creator_or_source,url,duration_seconds,segment_start,segment_end,answers_url,page_or_file_status,content_status,last_verified,evidence
1.1,teaching,B870,Introduction to Relations and Functions (L9.1),Mathispower4u,https://www.youtube.com/watch?v=fsMjBrZhnMw,662,,,,verified,unresolved,2026-09-29,Actual watch-page metadata inspected; linked educator topic catalog and descriptions checked. Full visual and mathematical review remains open.
1.1,teaching,B1051,Detetermine Which Mappings Represent Functions,Mathispower4u,https://www.youtube.com/watch?v=Rw1HWpaULWs,182,,,,verified,unresolved,2026-09-29,Actual watch-page metadata inspected; linked educator topic catalog and descriptions checked. Full visual and mathematical review remains open.
1.1,bonus,B1029,Ex 1: Use the Vertical Line Test to Determine if a Graph Represents a Function,Mathispower4u,https://www.youtube.com/watch?v=5Z8DaZPJLKY,177,,,,verified,unresolved,2026-09-29,Actual watch-page metadata inspected; linked educator topic catalog and descriptions checked. Full visual and mathematical review remains open.
1.1,bonus,B1036,Determine the Domain and Range of a Relation Given as Ordered Pairs / Determine if it is a Function,Mathispower4u,https://www.youtube.com/watch?v=CtYfDNSP7JU,390,,,,verified,unresolved,2026-09-29,Actual watch-page metadata inspected; linked educator topic catalog and descriptions checked. Full visual and mathematical review remains open.
1.1,worksheet,W15,Discrete relations,Kuta Software,https://cdn.kutasoftware.com/Worksheets/Alg2/Discrete%20Relations.pdf,,,,https://cdn.kutasoftware.com/Worksheets/Alg2/Discrete%20Relations.pdf#page=3,verified,topic and answer correspondence inspected; sample calculations checked,2026-09-29,"Original file opened; topic and matching question labels inspected. Answer pages identified; sample calculations checked, not every answer."
1.1,worksheet,W16,Continuous relations,Kuta Software,https://cdn.kutasoftware.com/Worksheets/Alg2/Continuous%20Relations.pdf,,,,https://cdn.kutasoftware.com/Worksheets/Alg2/Continuous%20Relations.pdf#page=3,verified,topic and answer correspondence inspected; sample calculations checked,2026-09-29,"Original file opened; topic and matching question labels inspected. Answer pages identified; sample calculations checked, not every answer."
1.2,teaching,B871,Introduction to Function Notation (L9.2),Mathispower4u,https://www.youtube.com/watch?v=P3KGT66S7fA,469,,,,verified,unresolved,2026-09-29,Actual watch-page metadata inspected; linked educator topic catalog and descriptions checked. Full visual and mathematical review remains open.
1.2,teaching,B940,Determine a Variety of Function Values,Mathispower4u,https://www.youtube.com/watch?v=httlb-b8fps,259,,,,verified,unresolved,2026-09-29,Actual watch-page metadata inspected; linked educator topic catalog and descriptions checked. Full visual and mathematical review remains open.
1.2,teaching,B949,Ex: Determine Various Function Outputs for a Quadratic Function,Mathispower4u,https://www.youtube.com/watch?v=_bi0B2zibOg,326,,,,verified,unresolved,2026-09-29,Actual watch-page metadata inspected; linked educator topic catalog and descriptions checked. Full visual and mathematical review remains open.
1.2,bonus,B959,Ex:  The Sum and Difference of Two Function Values With Different Inputs,Mathispower4u,https://www.youtube.com/watch?v=cqDZl1DrZIg,238,,,,verified,unresolved,2026-09-29,Actual watch-page metadata inspected; linked educator topic catalog and descriptions checked. Full visual and mathematical review remains open.
1.2,bonus,B910,Ex: Function Notation Application Problem,Mathispower4u,https://www.youtube.com/watch?v=lF0fzdaxU_8,162,,,,verified,unresolved,2026-09-29,Actual watch-page metadata inspected; linked educator topic catalog and descriptions checked. Full visual and mathematical review remains open.
1.2,worksheet,W70,Evaluating functions,Kuta Software,https://cdn.kutasoftware.com/Worksheets/Alg2/Evaluating%20Functions.pdf,,,,https://cdn.kutasoftware.com/Worksheets/Alg2/Evaluating%20Functions.pdf#page=2,verified,topic and answer correspondence inspected; sample calculations checked,2026-09-29,"Original file opened; topic and matching question labels inspected. Answer pages identified; sample calculations checked, not every answer."
1.3,teaching,B995,The Domain and Range of 9 Basic Functions,Mathispower4u,https://www.youtube.com/watch?v=60-qtkfC3Nw,537,,,,verified,unresolved,2026-09-29,Actual watch-page metadata inspected; linked educator topic catalog and descriptions checked. Full visual and mathematical review remains open.
1.3,teaching,B992,Determine the Domain of Various Functions,Mathispower4u,https://www.youtube.com/watch?v=nI9TDTVEJz0,573,,,,verified,unresolved,2026-09-29,Actual watch-page metadata inspected; linked educator topic catalog and descriptions checked. Full visual and mathematical review remains open.
1.3,teaching,B1135,Interval Notation,Mathispower4u,https://www.youtube.com/watch?v=hqg85P0ZMZ4,481,,,,verified,unresolved,2026-09-29,Actual watch-page metadata inspected; linked educator topic catalog and descriptions checked. Full visual and mathematical review remains open.
1.3,teaching,B1136,Set-Builder Notation,Mathispower4u,https://www.youtube.com/watch?v=rPcGeaDRnyc,416,,,,verified,unresolved,2026-09-29,Actual watch-page metadata inspected; linked educator topic catalog and descriptions checked. Full visual and mathematical review remains open.
1.3,bonus,B1054,Ex 2:  Determine the Domain and Range of the Graph of a Function,Mathispower4u,https://www.youtube.com/watch?v=nnU1KRvde_M,291,,,,verified,unresolved,2026-09-29,Actual watch-page metadata inspected; linked educator topic catalog and descriptions checked. Full visual and mathematical review remains open.
1.3,bonus,B1061,Ex: The Domain of a Function Containing a Square Root and a Denominator,Mathispower4u,https://www.youtube.com/watch?v=oKNRUvCTuZs,206,,,,verified,unresolved,2026-09-29,Actual watch-page metadata inspected; linked educator topic catalog and descriptions checked. Full visual and mathematical review remains open.
1.3,worksheet,W16,Continuous relations,Kuta Software,https://cdn.kutasoftware.com/Worksheets/Alg2/Continuous%20Relations.pdf,,,,https://cdn.kutasoftware.com/Worksheets/Alg2/Continuous%20Relations.pdf#page=3,verified,topic and answer correspondence inspected; sample calculations checked,2026-09-29,"Original file opened; topic and matching question labels inspected. Answer pages identified; sample calculations checked, not every answer."
1.4,teaching,B994,Graphing 9 Basic Functions,Mathispower4u,https://www.youtube.com/watch?v=IP70kcTtWkI,502,,,,verified,unresolved,2026-09-29,Actual watch-page metadata inspected; linked educator topic catalog and descriptions checked. Full visual and mathematical review remains open.
1.4,teaching,B1005,Graphing the Basic Square Root Function,Mathispower4u,https://www.youtube.com/watch?v=KafjGwjarOM,234,,,,verified,unresolved,2026-09-29,Actual watch-page metadata inspected; linked educator topic catalog and descriptions checked. Full visual and mathematical review remains open.
1.4,teaching,A485,Graphing the Basic Rational Function f(x)=1/x,Mathispower4u,https://www.youtube.com/watch?v=awN8FdTfBJ4,604,,,,verified,unresolved,2026-09-29,Actual watch-page metadata inspected; linked educator topic catalog and descriptions checked. Full visual and mathematical review remains open.
1.4,bonus,B999,Ex:  Graph an Absolute Value Function Using a Table of Values,Mathispower4u,https://www.youtube.com/watch?v=PJt5dSj7PN4,260,,,,verified,unresolved,2026-09-29,Actual watch-page metadata inspected; linked educator topic catalog and descriptions checked. Full visual and mathematical review remains open.
1.4,bonus,B1001,Ex:  Graph a Quadratic Function Using a Table of Values,Mathispower4u,https://www.youtube.com/watch?v=wYfEzOJugS8,200,,,,verified,unresolved,2026-09-29,Actual watch-page metadata inspected; linked educator topic catalog and descriptions checked. Full visual and mathematical review remains open.
1.4,worksheet,W19,Graphing absolute value functions,Kuta Software,https://cdn.kutasoftware.com/Worksheets/Alg2/Graphing%20Absolute%20Value%20Equations.pdf,,,,https://cdn.kutasoftware.com/Worksheets/Alg2/Graphing%20Absolute%20Value%20Equations.pdf#page=3,verified,topic and answer correspondence inspected; sample calculations checked,2026-09-29,"Original file opened; topic and matching question labels inspected. Answer pages identified; sample calculations checked, not every answer."
1.4,worksheet,W80,Graphing radicals,Kuta Software,https://cdn.kutasoftware.com/Worksheets/Alg2/Graphing%20Radicals.pdf,,,,https://cdn.kutasoftware.com/Worksheets/Alg2/Graphing%20Radicals.pdf#page=3,verified,topic and answer correspondence inspected; sample calculations checked,2026-09-29,"Original file opened; topic and matching question labels inspected. Answer pages identified; sample calculations checked, not every answer."
1.4,worksheet,W92,Graphing simple rational functions,Kuta Software,https://cdn.kutasoftware.com/Worksheets/Alg2/Graphing%20Simple%20Rational%20Functions.pdf,,,,https://cdn.kutasoftware.com/Worksheets/Alg2/Graphing%20Simple%20Rational%20Functions.pdf#page=3,verified,topic and answer correspondence inspected; sample calculations checked,2026-09-29,"Original file opened; topic and matching question labels inspected. Answer pages identified; sample calculations checked, not every answer."
1.5,teaching,A907,Functions Transformations:  A Summary,Mathispower4u,https://www.youtube.com/watch?v=An29CALYjAA,500,,,,verified,unresolved,2026-09-29,Actual watch-page metadata inspected; linked educator topic catalog and descriptions checked. Full visual and mathematical review remains open.
1.5,teaching,A908,Determine the Transformation of an Ordered Pair Given the Function Rule (1),Mathispower4u,https://www.youtube.com/watch?v=249RGyWx268,197,,,,verified,unresolved,2026-09-29,Actual watch-page metadata inspected; linked educator topic catalog and descriptions checked. Full visual and mathematical review remains open.
1.5,teaching,A942,Describe Function Transformations From Function Rules,Mathispower4u,https://www.youtube.com/watch?v=I1ewjuafzG4,178,,,,verified,verified,2026-09-30,"Full 2:57 video reviewed. It solves two complete function-rule transformation examples: 5f(x+26) and f(15x)-13, correctly distinguishing vertical stretch, left/down translations and horizontal compression by reciprocal scale factor. The creator uses a,b,c,d where this course uses a,k,d,c; the lesson warns students about that notation difference."
1.5,teaching,A320,"Transformation of the Square Root Function: Domain, Intercepts, Graph (Horizontal Compress / Shift)",Mathispower4u,https://www.youtube.com/watch?v=ULx7Z7TQw-c,312,,,,verified,verified,2026-09-30,"Full 5:11 video reviewed. It factors 4x+16 as 4(x+4), identifies horizontal compression by 1/4 and a four-unit left shift, then correctly finds endpoint/x-intercept (-4,0), y-intercept (0,4), domain [-4,infinity), range [0,infinity), and sketches the transformed square-root graph."
1.5,bonus,A909,Determine the Transformation of an Ordered Pair Given the Function Rule (2),Mathispower4u,https://www.youtube.com/watch?v=ZuR8sI1_7lg,191,,,,verified,unresolved,2026-09-29,Actual watch-page metadata inspected; linked educator topic catalog and descriptions checked. Full visual and mathematical review remains open.
1.5,bonus,A917,Graph Transformation of a Function from a Graph,Mathispower4u,https://www.youtube.com/watch?v=BguX2CuwYfg,358,,,,verified,unresolved,2026-09-29,Actual watch-page metadata inspected; linked educator topic catalog and descriptions checked. Full visual and mathematical review remains open.
1.5,worksheet,P8,Transformations of graphs,Kuta Software,https://cdn.kutasoftware.com/Worksheets/Precalc/01%20-%20Transformations%20of%20Graphs.pdf,,,,https://cdn.kutasoftware.com/Worksheets/Precalc/01%20-%20Transformations%20of%20Graphs.pdf#page=3,verified,topic and answer correspondence inspected; sample calculations checked,2026-09-29,"Original file opened; topic and matching question labels inspected. Answer pages identified; sample calculations checked, not every answer."
1.6,teaching,A320,"Transformation of the Square Root Function: Domain, Intercepts, Graph (Horizontal Compress / Shift)",Mathispower4u,https://www.youtube.com/watch?v=ULx7Z7TQw-c,312,,,,verified,verified,2026-09-30,"Full 5:11 video reviewed. It factors 4x+16 as 4(x+4), identifies horizontal compression by 1/4 and a four-unit left shift, then correctly finds endpoint/x-intercept (-4,0), y-intercept (0,4), domain [-4,infinity), range [0,infinity), and sketches the transformed square-root graph."
1.6,teaching,A321,"Transformation of the Square Root Function: Domain, Intercepts, Graph (Reflect / Stretch, Hor Shift)",Mathispower4u,https://www.youtube.com/watch?v=gZ_u3C1pmqk,391,,,,verified,unresolved,2026-09-29,Actual watch-page metadata inspected; linked educator topic catalog and descriptions checked. Full visual and mathematical review remains open.
1.6,teaching,A494,Graphing Translations of the Basic Rational Function f(x)=1/x,Mathispower4u,https://www.youtube.com/watch?v=l_OJOVITyMM,608,,,,verified,unresolved,2026-09-29,Actual watch-page metadata inspected; linked educator topic catalog and descriptions checked. Full visual and mathematical review remains open.
1.6,bonus,A317,Ex 4: Find the Equation of a Transformed Square Root Function,Mathispower4u,https://www.youtube.com/watch?v=ximnGzvvMaM,366,,,,verified,unresolved,2026-09-29,Actual watch-page metadata inspected; linked educator topic catalog and descriptions checked. Full visual and mathematical review remains open.
1.6,bonus,A496,Ex 2: Graph Two Translations of the Basic Rational Function f(x)=1/x,Mathispower4u,https://www.youtube.com/watch?v=7BMT6q-Wzdc,242,,,,verified,unresolved,2026-09-29,Actual watch-page metadata inspected; linked educator topic catalog and descriptions checked. Full visual and mathematical review remains open.
1.6,worksheet,P8,Transformations of graphs,Kuta Software,https://cdn.kutasoftware.com/Worksheets/Precalc/01%20-%20Transformations%20of%20Graphs.pdf,,,,https://cdn.kutasoftware.com/Worksheets/Precalc/01%20-%20Transformations%20of%20Graphs.pdf#page=3,verified,topic and answer correspondence inspected; sample calculations checked,2026-09-29,"Original file opened; topic and matching question labels inspected. Answer pages identified; sample calculations checked, not every answer."
1.6,worksheet,W92,Graphing simple rational functions,Kuta Software,https://cdn.kutasoftware.com/Worksheets/Alg2/Graphing%20Simple%20Rational%20Functions.pdf,,,,https://cdn.kutasoftware.com/Worksheets/Alg2/Graphing%20Simple%20Rational%20Functions.pdf#page=3,verified,topic and answer correspondence inspected; sample calculations checked,2026-09-29,"Original file opened; topic and matching question labels inspected. Answer pages identified; sample calculations checked, not every answer."
1.7,teaching,A610,Lesson: Inverse Functions,Mathispower4u,https://www.youtube.com/watch?v=q6y0ToEhT1E,581,,,,verified,unresolved,2026-09-29,Actual watch-page metadata inspected; linked educator topic catalog and descriptions checked. Full visual and mathematical review remains open.
1.7,teaching,A554,Ex: Inverse Function Notation and Reciprocal of a Function,Mathispower4u,https://www.youtube.com/watch?v=Hbmx7TPCar4,109,,,,verified,unresolved,2026-09-29,Actual watch-page metadata inspected; linked educator topic catalog and descriptions checked. Full visual and mathematical review remains open.
1.7,bonus,A638,Ex 1:  Find the Inverse of a Function,Mathispower4u,https://www.youtube.com/watch?v=5MigilleeY4,359,,,,verified,unresolved,2026-09-29,Actual watch-page metadata inspected; linked educator topic catalog and descriptions checked. Full visual and mathematical review remains open.
1.7,bonus,A622,Ex:  Function and Inverse Function Values Using a Graph,Mathispower4u,https://www.youtube.com/watch?v=FIF8SdZkJc8,263,,,,verified,unresolved,2026-09-29,Actual watch-page metadata inspected; linked educator topic catalog and descriptions checked. Full visual and mathematical review remains open.
1.7,worksheet,W72,Inverse functions,Kuta Software,https://cdn.kutasoftware.com/Worksheets/Alg2/Function%20Inverses.pdf,,,,https://cdn.kutasoftware.com/Worksheets/Alg2/Function%20Inverses.pdf#page=3,verified,topic and answer correspondence inspected; sample calculations checked,2026-09-29,"Original file opened; topic and matching question labels inspected. Answer pages identified; sample calculations checked, not every answer."
2.1,teaching,B1420,Adding and Subtracting Polynomials (L3.2),Mathispower4u,https://www.youtube.com/watch?v=4hl4lbMi0Zs,377,,,,verified,unresolved,2026-09-29,Actual watch-page metadata inspected; linked educator topic catalog and descriptions checked. Full visual and mathematical review remains open.
2.1,teaching,B1404,Identify Like Terms and Combine Like,Mathispower4u,https://www.youtube.com/watch?v=1epjbVO_qU4,277,,,,verified,unresolved,2026-09-29,Actual watch-page metadata inspected; linked educator topic catalog and descriptions checked. Full visual and mathematical review remains open.
2.1,bonus,B1424,Ex:  Adding and Subtracting Polynomials,Mathispower4u,https://www.youtube.com/watch?v=jiq3toC7wGM,305,,,,verified,unresolved,2026-09-29,Actual watch-page metadata inspected; linked educator topic catalog and descriptions checked. Full visual and mathematical review remains open.
2.1,bonus,B1427,Polynomial Function Application: Profit Function From Revenue and Cost Functions,Mathispower4u,https://www.youtube.com/watch?v=w9CdavmVafk,275,,,,verified,unresolved,2026-09-29,Actual watch-page metadata inspected; linked educator topic catalog and descriptions checked. Full visual and mathematical review remains open.
2.1,worksheet,W55,Naming and simple operations,Kuta Software,https://cdn.kutasoftware.com/Worksheets/Alg2/Polynomial%20Basics.pdf,,,,https://cdn.kutasoftware.com/Worksheets/Alg2/Polynomial%20Basics.pdf#page=3,verified,topic and answer correspondence inspected; sample calculations checked,2026-09-29,"Original file opened; topic and matching question labels inspected. Answer pages identified; sample calculations checked, not every answer."
2.2,teaching,B1436,Multiply Binomials Using An Area Model and Using Repeated Distribution,Mathispower4u,https://www.youtube.com/watch?v=u4Hgl0BrUlo,310,,,,verified,unresolved,2026-09-29,Actual watch-page metadata inspected; linked educator topic catalog and descriptions checked. Full visual and mathematical review remains open.
2.2,teaching,B1444,Special Polynomial Products,Mathispower4u,https://www.youtube.com/watch?v=SlRgONK-DXA,552,,,,verified,unresolved,2026-09-29,Actual watch-page metadata inspected; linked educator topic catalog and descriptions checked. Full visual and mathematical review remains open.
2.2,teaching,B1455,Multiplying Binomials and Trinomials,Mathispower4u,https://www.youtube.com/watch?v=ZCofZbZm4ao,239,,,,verified,unresolved,2026-09-29,Actual watch-page metadata inspected; linked educator topic catalog and descriptions checked. Full visual and mathematical review remains open.
2.2,bonus,B1461,Ex:  Simplify an Expression Involving Squares of Two Binomials,Mathispower4u,https://www.youtube.com/watch?v=bcC8g50oy3U,213,,,,verified,unresolved,2026-09-29,Actual watch-page metadata inspected; linked educator topic catalog and descriptions checked. Full visual and mathematical review remains open.
2.2,bonus,B1465,Area Between Rectangles: Difference of the Product of Binomials,Mathispower4u,https://www.youtube.com/watch?v=-cogMc26qFM,281,,,,verified,unresolved,2026-09-29,Actual watch-page metadata inspected; linked educator topic catalog and descriptions checked. Full visual and mathematical review remains open.
2.2,worksheet,W55,Naming and simple operations,Kuta Software,https://cdn.kutasoftware.com/Worksheets/Alg2/Polynomial%20Basics.pdf,,,,https://cdn.kutasoftware.com/Worksheets/Alg2/Polynomial%20Basics.pdf#page=3,verified,topic and answer correspondence inspected; sample calculations checked,2026-09-29,"Original file opened; topic and matching question labels inspected. Answer pages identified; sample calculations checked, not every answer."
2.3,teaching,B1498,Factoring Out The Greatest Common Factor,Mathispower4u,https://www.youtube.com/watch?v=EDebmfT5Nsk,435,,,,verified,unresolved,2026-09-29,Actual watch-page metadata inspected; linked educator topic catalog and descriptions checked. Full visual and mathematical review remains open.
2.3,teaching,B1505,Factor By Grouping,Mathispower4u,https://www.youtube.com/watch?v=15suKxAV1ow,468,,,,verified,unresolved,2026-09-29,Actual watch-page metadata inspected; linked educator topic catalog and descriptions checked. Full visual and mathematical review remains open.
2.3,teaching,B1528,Factoring Trinomials:  Trial and Error and Grouping,Mathispower4u,https://www.youtube.com/watch?v=55wm2c1xkp0,585,,,,verified,unresolved,2026-09-29,Actual watch-page metadata inspected; linked educator topic catalog and descriptions checked. Full visual and mathematical review remains open.
2.3,teaching,B1543,Factoring a Difference of Squares,Mathispower4u,https://www.youtube.com/watch?v=0yBDsZvfT0g,325,,,,verified,unresolved,2026-09-29,Actual watch-page metadata inspected; linked educator topic catalog and descriptions checked. Full visual and mathematical review remains open.
2.3,bonus,B1504,Factor the GCF from a Trinomial: -12y^4+15y^3-18y^2,Mathispower4u,https://www.youtube.com/watch?v=RMdO4Jfve1Q,300,,,,verified,unresolved,2026-09-29,Actual watch-page metadata inspected; linked educator topic catalog and descriptions checked. Full visual and mathematical review remains open.
2.3,bonus,B1534,"Compare 3 Methods for Factoring ax^2+bx+c (a not 1, no GCF)",Mathispower4u,https://www.youtube.com/watch?v=WqTCwJJlEZo,606,,,,verified,unresolved,2026-09-29,Actual watch-page metadata inspected; linked educator topic catalog and descriptions checked. Full visual and mathematical review remains open.
2.3,worksheet,W48,Factoring quadratic expressions,Kuta Software,https://cdn.kutasoftware.com/Worksheets/Alg2/Factoring%20Quadratic%20Expressions.pdf,,,,https://cdn.kutasoftware.com/Worksheets/Alg2/Factoring%20Quadratic%20Expressions.pdf#page=3,verified,topic and answer correspondence inspected; sample calculations checked,2026-09-29,"Original file opened; topic and matching question labels inspected. Answer pages identified; sample calculations checked, not every answer."
2.3,worksheet,W57,Factoring by grouping,Kuta Software,https://cdn.kutasoftware.com/Worksheets/Alg2/Factoring%20By%20Grouping.pdf,,,,https://cdn.kutasoftware.com/Worksheets/Alg2/Factoring%20By%20Grouping.pdf#page=3,verified,topic and answer correspondence inspected; sample calculations checked,2026-09-29,"Original file opened; topic and matching question labels inspected. Answer pages identified; sample calculations checked, not every answer."
2.4,teaching,A325,Simplifying Rational Expressions,Mathispower4u,https://www.youtube.com/watch?v=TxbWaDUrYls,499,,,,verified,unresolved,2026-09-29,Actual watch-page metadata inspected; linked educator topic catalog and descriptions checked. Full visual and mathematical review remains open.
2.4,teaching,A326,Simplify and Give the Domain of Rational Expressions,Mathispower4u,https://www.youtube.com/watch?v=tJiz5rEktBs,480,,,,verified,unresolved,2026-09-29,Actual watch-page metadata inspected; linked educator topic catalog and descriptions checked. Full visual and mathematical review remains open.
2.4,bonus,A330,Ex 3:  Simplify Rational Expressions,Mathispower4u,https://www.youtube.com/watch?v=N4C-K68lDAQ,222,,,,verified,unresolved,2026-09-29,Actual watch-page metadata inspected; linked educator topic catalog and descriptions checked. Full visual and mathematical review remains open.
2.4,bonus,A331,Ex 4:  Simplify Rational Expressions,Mathispower4u,https://www.youtube.com/watch?v=yGiWltGi4k8,275,,,,verified,unresolved,2026-09-29,Actual watch-page metadata inspected; linked educator topic catalog and descriptions checked. Full visual and mathematical review remains open.
2.4,worksheet,W94,Simplifying rational expressions,Kuta Software,https://cdn.kutasoftware.com/Worksheets/Alg2/Rational%20Expressions.pdf,,,,https://cdn.kutasoftware.com/Worksheets/Alg2/Rational%20Expressions.pdf#page=3,verified,topic and answer correspondence inspected; sample calculations checked,2026-09-29,"Original file opened; topic and matching question labels inspected. Answer pages identified; sample calculations checked, not every answer."
2.5,teaching,A485,Graphing the Basic Rational Function f(x)=1/x,Mathispower4u,https://www.youtube.com/watch?v=awN8FdTfBJ4,604,,,,verified,unresolved,2026-09-29,Actual watch-page metadata inspected; linked educator topic catalog and descriptions checked. Full visual and mathematical review remains open.
2.5,teaching,A473,"Determine Domain, Holes, and Asymptotes of a Rational Function (1)",Mathispower4u,https://www.youtube.com/watch?v=MwbhwWCafaY,262,,,,verified,unresolved,2026-09-29,Actual watch-page metadata inspected; linked educator topic catalog and descriptions checked. Full visual and mathematical review remains open.
2.5,bonus,A460,"Ex 1: Domain, Range, Asymptotes of a Basic Rational Function Using Translations",Mathispower4u,https://www.youtube.com/watch?v=l9bPbFt-5KM,315,,,,verified,unresolved,2026-09-29,Actual watch-page metadata inspected; linked educator topic catalog and descriptions checked. Full visual and mathematical review remains open.
2.5,bonus,A456,"Ex:  Find the Intercepts, Asymptotes, and Hole of a Rational Function",Mathispower4u,https://www.youtube.com/watch?v=UnVZs2EaEjI,313,,,,verified,unresolved,2026-09-29,Actual watch-page metadata inspected; linked educator topic catalog and descriptions checked. Full visual and mathematical review remains open.
2.5,worksheet,W92,Graphing simple rational functions,Kuta Software,https://cdn.kutasoftware.com/Worksheets/Alg2/Graphing%20Simple%20Rational%20Functions.pdf,,,,https://cdn.kutasoftware.com/Worksheets/Alg2/Graphing%20Simple%20Rational%20Functions.pdf#page=3,verified,topic and answer correspondence inspected; sample calculations checked,2026-09-29,"Original file opened; topic and matching question labels inspected. Answer pages identified; sample calculations checked, not every answer."
2.5,worksheet,P17,Graphs of rational functions,Kuta Software,https://cdn.kutasoftware.com/Worksheets/Precalc/02%20-%20Graphs%20of%20Rational%20Functions.pdf,,,,https://cdn.kutasoftware.com/Worksheets/Precalc/02%20-%20Graphs%20of%20Rational%20Functions.pdf#page=3,verified,topic and answer correspondence inspected; sample calculations checked,2026-09-29,"Original file opened; topic and matching question labels inspected. Answer pages identified; sample calculations checked, not every answer."
2.6,teaching,A334,Multiply Rational Expressions and Give the Domain,Mathispower4u,https://www.youtube.com/watch?v=Hj6gF1SNttk,401,,,,verified,unresolved,2026-09-29,Actual watch-page metadata inspected; linked educator topic catalog and descriptions checked. Full visual and mathematical review remains open.
2.6,teaching,A335,Divide Rational Expressions and Give the Domain,Mathispower4u,https://www.youtube.com/watch?v=B1tigfgs268,399,,,,verified,unresolved,2026-09-29,Actual watch-page metadata inspected; linked educator topic catalog and descriptions checked. Full visual and mathematical review remains open.
2.6,bonus,A341,Multiply Rational Expressions: (quad/quad)*(quad/quad) a Not 1,Mathispower4u,https://www.youtube.com/watch?v=3B9oQoV-zTY,338,,,,verified,unresolved,2026-09-29,Actual watch-page metadata inspected; linked educator topic catalog and descriptions checked. Full visual and mathematical review remains open.
2.6,bonus,A346,Divide Rational Expressions: (quad/linear)/(quad/quad) a Not 1,Mathispower4u,https://www.youtube.com/watch?v=MP2N_5a5H14,358,,,,verified,unresolved,2026-09-29,Actual watch-page metadata inspected; linked educator topic catalog and descriptions checked. Full visual and mathematical review remains open.
2.6,worksheet,W94,Simplifying rational expressions,Kuta Software,https://cdn.kutasoftware.com/Worksheets/Alg2/Rational%20Expressions.pdf,,,,https://cdn.kutasoftware.com/Worksheets/Alg2/Rational%20Expressions.pdf#page=3,verified,topic and answer correspondence inspected; sample calculations checked,2026-09-29,"Original file opened; topic and matching question labels inspected. Answer pages identified; sample calculations checked, not every answer."
2.7,teaching,A367,Add and Subtract Rational Expressions with Like Denominators and Give the Domain,Mathispower4u,https://www.youtube.com/watch?v=BeaHKtxB868,313,,,,verified,unresolved,2026-09-29,Actual watch-page metadata inspected; linked educator topic catalog and descriptions checked. Full visual and mathematical review remains open.
2.7,teaching,A377,Subtract Rational Expressions with Unlike Denominators and Give the Domain,Mathispower4u,https://www.youtube.com/watch?v=MMlNtCrkakI,345,,,,verified,unresolved,2026-09-29,Actual watch-page metadata inspected; linked educator topic catalog and descriptions checked. Full visual and mathematical review remains open.
2.7,teaching,A375,Ex:  Add and Subtract Rational Expressions - Opposite Denominators,Mathispower4u,https://www.youtube.com/watch?v=WdSW6eiXUDA,300,,,,verified,unresolved,2026-09-29,Actual watch-page metadata inspected; linked educator topic catalog and descriptions checked. Full visual and mathematical review remains open.
2.7,bonus,A383,Ex 4:  Add and Subtract Rational Expressions - Unlike Denominators,Mathispower4u,https://www.youtube.com/watch?v=DApdYOIdf1g,379,,,,verified,unresolved,2026-09-29,Actual watch-page metadata inspected; linked educator topic catalog and descriptions checked. Full visual and mathematical review remains open.
2.7,bonus,A387,Ex: Subtracting Rational Expressions (Factoring With a Not 1),Mathispower4u,https://www.youtube.com/watch?v=p5LAWY8tL8s,420,,,,verified,unresolved,2026-09-29,Actual watch-page metadata inspected; linked educator topic catalog and descriptions checked. Full visual and mathematical review remains open.
2.7,worksheet,W96,Adding / subtracting rational expressions,Kuta Software,https://cdn.kutasoftware.com/Worksheets/Alg2/Adding%20and%20Subtracting%20Rational%20Expressions.pdf,,,,https://cdn.kutasoftware.com/Worksheets/Alg2/Adding%20and%20Subtracting%20Rational%20Expressions.pdf#page=3,verified,topic and answer correspondence inspected; sample calculations checked,2026-09-29,"Original file opened; topic and matching question labels inspected. Answer pages identified; sample calculations checked, not every answer."
3.1,teaching,B1675,Graphing Quadratic Functions in Standard Form (Vertex Form),Mathispower4u,https://www.youtube.com/watch?v=L8-7QepRSi8,540,,,,verified,unresolved,2026-09-29,Actual watch-page metadata inspected; linked educator topic catalog and descriptions checked. Full visual and mathematical review remains open.
3.1,teaching,B1676,Graphing Quadratic Functions in General Form,Mathispower4u,https://www.youtube.com/watch?v=oH6eZ6oDRBI,554,,,,verified,unresolved,2026-09-29,Actual watch-page metadata inspected; linked educator topic catalog and descriptions checked. Full visual and mathematical review remains open.
3.1,bonus,B1725,"Ex: Find the Equation of a Quadratic Function in Vertex, General, and Factored From From Graph",Mathispower4u,https://www.youtube.com/watch?v=4nPJ8hKWEH0,630,,,,verified,unresolved,2026-09-29,Actual watch-page metadata inspected; linked educator topic catalog and descriptions checked. Full visual and mathematical review remains open.
3.1,bonus,B1707,Find the Key Features of a Quadratic Function in Vertex Form: Irrational Intercepts (Rationalize),Mathispower4u,https://www.youtube.com/watch?v=17tB9tpsoTY,432,,,,verified,unresolved,2026-09-29,Actual watch-page metadata inspected; linked educator topic catalog and descriptions checked. Full visual and mathematical review remains open.
3.1,worksheet,W45,Properties of parabolas,Kuta Software,https://cdn.kutasoftware.com/Worksheets/Alg2/Properties%20of%20Parabolas.pdf,,,,https://cdn.kutasoftware.com/Worksheets/Alg2/Properties%20of%20Parabolas.pdf#page=3,verified,topic and answer correspondence inspected; sample calculations checked,2026-09-29,"Original file opened; topic and matching question labels inspected. Answer pages identified; sample calculations checked, not every answer."
3.1,worksheet,W46,Vertex form,Kuta Software,https://cdn.kutasoftware.com/Worksheets/Alg2/Vertex%20Form%20of%20Parabolas.pdf,,,,https://cdn.kutasoftware.com/Worksheets/Alg2/Vertex%20Form%20of%20Parabolas.pdf#page=3,verified,topic and answer correspondence inspected; sample calculations checked,2026-09-29,"Original file opened; topic and matching question labels inspected. Answer pages identified; sample calculations checked, not every answer."
3.2,teaching,B1641,Ex: Write ax^2+bx+c in the form a(x-h)^2+k - positive a,Mathispower4u,https://www.youtube.com/watch?v=v1XS0wGAhvI,187,,,,verified,unresolved,2026-09-29,Actual watch-page metadata inspected; linked educator topic catalog and descriptions checked. Full visual and mathematical review remains open.
3.2,teaching,B1642,Ex: Write ax^2+bx+c in the form a(x-h)^2+k - negative a,Mathispower4u,https://www.youtube.com/watch?v=J3iJdFCvEiU,201,,,,verified,unresolved,2026-09-29,Actual watch-page metadata inspected; linked educator topic catalog and descriptions checked. Full visual and mathematical review remains open.
3.2,bonus,B1757,Ex:  Quadratic Model Application - Ticket Price to Maximize Revenue,Mathispower4u,https://www.youtube.com/watch?v=KN3bnar_3mo,472,,,,verified,unresolved,2026-09-29,Actual watch-page metadata inspected; linked educator topic catalog and descriptions checked. Full visual and mathematical review remains open.
3.2,bonus,B1762,Ex: Quadratic Function Application - Maximum Area,Mathispower4u,https://www.youtube.com/watch?v=ipBoVSMVzp0,478,,,,verified,unresolved,2026-09-29,Actual watch-page metadata inspected; linked educator topic catalog and descriptions checked. Full visual and mathematical review remains open.
3.2,worksheet,W46,Vertex form,Kuta Software,https://cdn.kutasoftware.com/Worksheets/Alg2/Vertex%20Form%20of%20Parabolas.pdf,,,,https://cdn.kutasoftware.com/Worksheets/Alg2/Vertex%20Form%20of%20Parabolas.pdf#page=3,verified,topic and answer correspondence inspected; sample calculations checked,2026-09-29,"Original file opened; topic and matching question labels inspected. Answer pages identified; sample calculations checked, not every answer."
3.2,worksheet,S2,Quadratics Review,Steve Sweeney — MCR3U course resources,https://stevesweeney.pbworks.com/w/file/fetch/132119310/MCR3U%20-%20Quad%20-%20Review%202018-2019.pdf,,,,https://stevesweeney.pbworks.com/w/file/fetch/132119310/MCR3U%20-%20Quad%20-%20Review%202018-2019.pdf#page=2,verified,topic and answer correspondence inspected; sample calculations checked,2026-09-29,"Original file opened; topic and matching question labels inspected. Answer pages identified; sample calculations checked, not every answer."
3.3,teaching,A610,Lesson: Inverse Functions,Mathispower4u,https://www.youtube.com/watch?v=q6y0ToEhT1E,581,,,,verified,unresolved,2026-09-29,Actual watch-page metadata inspected; linked educator topic catalog and descriptions checked. Full visual and mathematical review remains open.
3.3,teaching,A629,Ex: Find the Inverse of a Square Root Function with Domain and Range,Mathispower4u,https://www.youtube.com/watch?v=mtjkaXqCAXw,388,,,,verified,unresolved,2026-09-29,Actual watch-page metadata inspected; linked educator topic catalog and descriptions checked. Full visual and mathematical review remains open.
3.3,bonus,A626,"Ex:  Restrict the Domain to Make a Function 1 to 1, Then Find the Inverse",Mathispower4u,https://www.youtube.com/watch?v=rsJ14O5-KDw,268,,,,verified,unresolved,2026-09-29,Actual watch-page metadata inspected; linked educator topic catalog and descriptions checked. Full visual and mathematical review remains open.
3.3,bonus,A636,Find the Inverse Function of a Quadratic with Domain Restriction and State the Domain and Range,Mathispower4u,https://www.youtube.com/watch?v=toFNUq9JC3g,311,,,,verified,unresolved,2026-09-29,Actual watch-page metadata inspected; linked educator topic catalog and descriptions checked. Full visual and mathematical review remains open.
3.3,worksheet,L8,The Inverse of a Quadratic Function,Lourdes Mathematics,https://lourdesmath.weebly.com/uploads/5/9/7/7/5977474/mcr3u_inverseofaquadratic.docx,,,,https://lourdesmath.weebly.com/uploads/5/9/7/7/5977474/mcr3u_inverseofaquadratic_soln.pdf,verified,topic and answer correspondence inspected; sample calculations checked,2026-09-29,"Original file opened; topic and matching question labels inspected. Answer pages identified; sample calculations checked, not every answer."
3.4,teaching,A112,Simplifying Radicals (New Version Available),Mathispower4u,https://www.youtube.com/watch?v=qgHIrpsTjqs,529,,,,verified,unresolved,2026-09-29,Actual watch-page metadata inspected; linked educator topic catalog and descriptions checked. Full visual and mathematical review remains open.
3.4,teaching,A145,Introduction to Multiplying Radicals,Mathispower4u,https://www.youtube.com/watch?v=RZ-1uL0ujCI,633,,,,verified,unresolved,2026-09-29,Actual watch-page metadata inspected; linked educator topic catalog and descriptions checked. Full visual and mathematical review remains open.
3.4,teaching,A165,Dividing Radicals: Rationalize the Denominator of a Two Term Denominator,Mathispower4u,https://www.youtube.com/watch?v=20lfmu54tUQ,251,,,,verified,unresolved,2026-09-29,Actual watch-page metadata inspected; linked educator topic catalog and descriptions checked. Full visual and mathematical review remains open.
3.4,teaching,A216,Adding and Subtracting Radicals,Mathispower4u,https://www.youtube.com/watch?v=NnxYb875wqs,404,,,,verified,unresolved,2026-09-29,Actual watch-page metadata inspected; linked educator topic catalog and descriptions checked. Full visual and mathematical review remains open.
3.4,bonus,A160,Ex:  Square Binomials Containing Square Roots,Mathispower4u,https://www.youtube.com/watch?v=rw7PS2RBaMQ,256,,,,verified,unresolved,2026-09-29,Actual watch-page metadata inspected; linked educator topic catalog and descriptions checked. Full visual and mathematical review remains open.
3.4,bonus,A178,Ex:  Rationalize the Denominator of a Radical Expression - Conjugate,Mathispower4u,https://www.youtube.com/watch?v=vINRIRgeKqU,282,,,,verified,unresolved,2026-09-29,Actual watch-page metadata inspected; linked educator topic catalog and descriptions checked. Full visual and mathematical review remains open.
3.4,worksheet,W74,Operations with radical expressions,Kuta Software,https://cdn.kutasoftware.com/Worksheets/Alg2/Adding%20Subtracting%20Multiplying%20Radicals.pdf,,,,https://cdn.kutasoftware.com/Worksheets/Alg2/Adding%20Subtracting%20Multiplying%20Radicals.pdf#page=3,verified,topic and answer correspondence inspected; sample calculations checked,2026-09-29,"Original file opened; topic and matching question labels inspected. Answer pages identified; sample calculations checked, not every answer."
3.4,worksheet,W75,Dividing radical expressions,Kuta Software,https://cdn.kutasoftware.com/Worksheets/Alg2/Dividing%20Radicals.pdf,,,,https://cdn.kutasoftware.com/Worksheets/Alg2/Dividing%20Radicals.pdf#page=3,verified,topic and answer correspondence inspected; sample calculations checked,2026-09-29,"Original file opened; topic and matching question labels inspected. Answer pages identified; sample calculations checked, not every answer."
3.5,teaching,B1581,Solving Quadratic Equations by Factoring,Mathispower4u,https://www.youtube.com/watch?v=zc2CpyRtjvY,454,,,,verified,unresolved,2026-09-29,Actual watch-page metadata inspected; linked educator topic catalog and descriptions checked. Full visual and mathematical review remains open.
3.5,teaching,B1658,The Quadratic Formula,Mathispower4u,https://www.youtube.com/watch?v=H3UlU0jcJDI,464,,,,verified,unresolved,2026-09-29,Actual watch-page metadata inspected; linked educator topic catalog and descriptions checked. Full visual and mathematical review remains open.
3.5,teaching,B1648,"Solve a Quadratic Equation by Completing the Square (a not 1, b is odd)",Mathispower4u,https://www.youtube.com/watch?v=ZwbsNOth9MQ,283,,,,verified,unresolved,2026-09-29,Actual watch-page metadata inspected; linked educator topic catalog and descriptions checked. Full visual and mathematical review remains open.
3.5,bonus,B1763,Quadratic App: Find the Inputs for a Given Function Value (Quadratic Formula),Mathispower4u,https://www.youtube.com/watch?v=fvkhgMCDrg4,460,,,,verified,unresolved,2026-09-29,Actual watch-page metadata inspected; linked educator topic catalog and descriptions checked. Full visual and mathematical review remains open.
3.5,bonus,B1749,Ex:  Quadratic Function Application Using Formulas - Rocket Launch,Mathispower4u,https://www.youtube.com/watch?v=4-f9KxGRXnU,459,,,,verified,unresolved,2026-09-29,Actual watch-page metadata inspected; linked educator topic catalog and descriptions checked. Full visual and mathematical review remains open.
3.5,worksheet,W53,Solving equations with the quadratic formula,Kuta Software,https://cdn.kutasoftware.com/Worksheets/Alg2/Quadratic%20Formula.pdf,,,,https://cdn.kutasoftware.com/Worksheets/Alg2/Quadratic%20Formula.pdf#page=2,verified,topic and answer correspondence inspected; sample calculations checked,2026-09-29,"Original file opened; topic and matching question labels inspected. Answer pages identified; sample calculations checked, not every answer."
3.5,worksheet,W52,Solving equations by completing the square,Kuta Software,https://cdn.kutasoftware.com/Worksheets/Alg2/Quadratic%20Equations%20By%20Completing%20the%20Square.pdf,,,,https://cdn.kutasoftware.com/Worksheets/Alg2/Quadratic%20Equations%20By%20Completing%20the%20Square.pdf#page=3,verified,topic and answer correspondence inspected; sample calculations checked,2026-09-29,"Original file opened; topic and matching question labels inspected. Answer pages identified; sample calculations checked, not every answer."
3.6,teaching,B1659,Ex:  The Discriminant,Mathispower4u,https://www.youtube.com/watch?v=hSWs0VUyn1k,354,,,,verified,unresolved,2026-09-29,Actual watch-page metadata inspected; linked educator topic catalog and descriptions checked. Full visual and mathematical review remains open.
3.6,teaching,B1682,Ex: Find the Intercepts of a Quadratic Function - Requires the Quadratic Formula,Mathispower4u,https://www.youtube.com/watch?v=eO4gup5_iDs,267,,,,verified,unresolved,2026-09-29,Actual watch-page metadata inspected; linked educator topic catalog and descriptions checked. Full visual and mathematical review remains open.
3.6,bonus,B1664,Ex1:  Quadratic Formula - Two Real Irrational Solutions,Mathispower4u,https://www.youtube.com/watch?v=Nwx4ZO9Hopk,257,,,,verified,unresolved,2026-09-29,Actual watch-page metadata inspected; linked educator topic catalog and descriptions checked. Full visual and mathematical review remains open.
3.6,bonus,B1663,Ex:  Quadratic Formula - One Real Rational Repeated Solution,Mathispower4u,https://www.youtube.com/watch?v=OXwwzWcxFgE,170,,,,verified,unresolved,2026-09-29,Actual watch-page metadata inspected; linked educator topic catalog and descriptions checked. Full visual and mathematical review remains open.
3.6,worksheet,W54,The discriminant,Kuta Software,https://cdn.kutasoftware.com/Worksheets/Alg2/The%20Discriminant.pdf,,,,https://cdn.kutasoftware.com/Worksheets/Alg2/The%20Discriminant.pdf#page=3,verified,topic and answer correspondence inspected; sample calculations checked,2026-09-29,"Original file opened; topic and matching question labels inspected. Answer pages identified; sample calculations checked, not every answer."
3.6,worksheet,W50,Solving quadratic equations by factoring,Kuta Software,https://cdn.kutasoftware.com/Worksheets/Alg2/Quadratic%20Equations%20By%20Factoring.pdf,,,,https://cdn.kutasoftware.com/Worksheets/Alg2/Quadratic%20Equations%20By%20Factoring.pdf#page=3,verified,topic and answer correspondence inspected; sample calculations checked,2026-09-29,"Original file opened; topic and matching question labels inspected. Answer pages identified; sample calculations checked, not every answer."
3.7,teaching,B1712,Ex:  Find a Quadratic Function Given the Intercepts of the Graph,Mathispower4u,https://www.youtube.com/watch?v=N7BydkYPoXM,168,,,,verified,unresolved,2026-09-29,Actual watch-page metadata inspected; linked educator topic catalog and descriptions checked. Full visual and mathematical review remains open.
3.7,teaching,B1714,Ex: Find the Vertex Form of a Quadratic Function Given the Vertex and a Point,Mathispower4u,https://www.youtube.com/watch?v=BYlWhtgUwJI,237,,,,verified,unresolved,2026-09-29,Actual watch-page metadata inspected; linked educator topic catalog and descriptions checked. Full visual and mathematical review remains open.
3.7,bonus,B1719,Ex 2:  Find a Quadratic Function With Fractional Real Zeros,Mathispower4u,https://www.youtube.com/watch?v=N74rkwsYTT8,233,,,,verified,unresolved,2026-09-29,Actual watch-page metadata inspected; linked educator topic catalog and descriptions checked. Full visual and mathematical review remains open.
3.7,bonus,B1710,Find the Equation of a Quadratic Function from a Graph (a less than 0),Mathispower4u,https://www.youtube.com/watch?v=ogBf83tlT4c,275,,,,verified,unresolved,2026-09-29,Actual watch-page metadata inspected; linked educator topic catalog and descriptions checked. Full visual and mathematical review remains open.
3.7,worksheet,L20,Quadratic Functions and its Families,Lourdes Mathematics,https://lourdesmath.weebly.com/uploads/5/9/7/7/5977474/mcr3u_familyofquadraticfunctions.docx,,,,https://lourdesmath.weebly.com/uploads/5/9/7/7/5977474/mcr3u_familyofquadraticfunctions_soln.pdf,verified,topic and answer correspondence inspected; sample calculations checked,2026-09-29,"Original file opened; topic and matching question labels inspected. Answer pages identified; sample calculations checked, not every answer."
3.7,worksheet,S2,Quadratics Review,Steve Sweeney — MCR3U course resources,https://stevesweeney.pbworks.com/w/file/fetch/132119310/MCR3U%20-%20Quad%20-%20Review%202018-2019.pdf,,,,https://stevesweeney.pbworks.com/w/file/fetch/132119310/MCR3U%20-%20Quad%20-%20Review%202018-2019.pdf#page=2,verified,topic and answer correspondence inspected; sample calculations checked,2026-09-29,"Original file opened; topic and matching question labels inspected. Answer pages identified; sample calculations checked, not every answer."
3.8,teaching,B1284,Solve a NonLinear System of Equations (Linear and Quadratic),Mathispower4u,https://www.youtube.com/watch?v=uflFybl5qyM,253,,,,verified,unresolved,2026-09-29,Actual watch-page metadata inspected; linked educator topic catalog and descriptions checked. Full visual and mathematical review remains open.
3.8,teaching,B1626,Ex 2:  Solving Quadratic Equations Graphically Using the Intersection Method,Mathispower4u,https://www.youtube.com/watch?v=2BXfpaGZh-E,360,,,,verified,unresolved,2026-09-29,Actual watch-page metadata inspected; linked educator topic catalog and descriptions checked. Full visual and mathematical review remains open.
3.8,bonus,B1303,Solve a Nonlinear System Using the Elimination (Addition) Method: Line and Parabola,Mathispower4u,https://www.youtube.com/watch?v=VlRQwcYW_Ak,259,,,,verified,unresolved,2026-09-29,Actual watch-page metadata inspected; linked educator topic catalog and descriptions checked. Full visual and mathematical review remains open.
3.8,bonus,B1309,Solve Nonlinear Systems of Two Eqatuions with Two Unknows by Graphing (Desmos),Mathispower4u,https://www.youtube.com/watch?v=UX7eW6PD1j4,237,,,,verified,unresolved,2026-09-29,Actual watch-page metadata inspected; linked educator topic catalog and descriptions checked. Full visual and mathematical review remains open.
3.8,worksheet,L24,Intersection of Linear and Quadratic Functions,Lourdes Mathematics,https://lourdesmath.weebly.com/uploads/5/9/7/7/5977474/mcr3u_intersectionoflinesandparabolas.docx,,,,https://lourdesmath.weebly.com/uploads/5/9/7/7/5977474/mcr3u_intersectionoflinesandparabolas_soln.pdf,verified,topic and answer correspondence inspected; sample calculations checked,2026-09-29,"Original file opened; topic and matching question labels inspected. Answer pages identified; sample calculations checked, not every answer."
3.8,worksheet,S2,Quadratics Review,Steve Sweeney — MCR3U course resources,https://stevesweeney.pbworks.com/w/file/fetch/132119310/MCR3U%20-%20Quad%20-%20Review%202018-2019.pdf,,,,https://stevesweeney.pbworks.com/w/file/fetch/132119310/MCR3U%20-%20Quad%20-%20Review%202018-2019.pdf#page=2,verified,topic and answer correspondence inspected; sample calculations checked,2026-09-29,"Original file opened; topic and matching question labels inspected. Answer pages identified; sample calculations checked, not every answer."
4.1,teaching,A558,Compare Linear and Exponential Functions,Mathispower4u,https://www.youtube.com/watch?v=vKKIrNWnVOA,320,,,,verified,unresolved,2026-09-29,Actual watch-page metadata inspected; linked educator topic catalog and descriptions checked. Full visual and mathematical review remains open.
4.1,teaching,A565,Write Exponential Equations Given Initial Values and Growth or Decay Rate,Mathispower4u,https://www.youtube.com/watch?v=MCHb4zZiTW0,221,,,,verified,unresolved,2026-09-29,Actual watch-page metadata inspected; linked educator topic catalog and descriptions checked. Full visual and mathematical review remains open.
4.1,bonus,A574,Write an Exponential Equation that Models a Decreasing Population (Fox),Mathispower4u,https://www.youtube.com/watch?v=fLdrM2LRWGI,192,,,,verified,unresolved,2026-09-29,Actual watch-page metadata inspected; linked educator topic catalog and descriptions checked. Full visual and mathematical review remains open.
4.1,bonus,A575,Write an Exponential Equation to Model Wage Percent Increase over Years,Mathispower4u,https://www.youtube.com/watch?v=3RU3QlAMe7s,166,,,,verified,unresolved,2026-09-29,Actual watch-page metadata inspected; linked educator topic catalog and descriptions checked. Full visual and mathematical review remains open.
4.1,worksheet,W109,Discrete exponential growth and decay word problems,Kuta Software,https://cdn.kutasoftware.com/Worksheets/Alg2/Discrete%20Exponential%20Growth%20and%20Decay.pdf,,,,https://cdn.kutasoftware.com/Worksheets/Alg2/Discrete%20Exponential%20Growth%20and%20Decay.pdf#page=3,verified,topic and answer correspondence inspected; sample calculations checked,2026-09-29,"Original file opened; topic and matching question labels inspected. Answer pages identified; sample calculations checked, not every answer."
4.2,teaching,B23,Properties of Exponents,Mathispower4u,https://www.youtube.com/watch?v=0GAMbuPJGOY,584,,,,verified,unresolved,2026-09-29,Actual watch-page metadata inspected; linked educator topic catalog and descriptions checked. Full visual and mathematical review remains open.
4.2,teaching,B1372,Negative Exponents,Mathispower4u,https://www.youtube.com/watch?v=R7Yp5TW1NTs,612,,,,verified,unresolved,2026-09-29,Actual watch-page metadata inspected; linked educator topic catalog and descriptions checked. Full visual and mathematical review remains open.
4.2,bonus,B1383,Ex 2:  Simplify Expressions using Exponent Properties (Negative / Quotient / Power Properties),Mathispower4u,https://www.youtube.com/watch?v=qqWPUeCb-QQ,309,,,,verified,unresolved,2026-09-29,Actual watch-page metadata inspected; linked educator topic catalog and descriptions checked. Full visual and mathematical review remains open.
4.2,bonus,B1387,Ex 2:  Evaluate Expressions With Negative Exponents (Negative / Quotient / Power Properties),Mathispower4u,https://www.youtube.com/watch?v=ZnHpS_v9Xfg,337,,,,verified,unresolved,2026-09-29,Actual watch-page metadata inspected; linked educator topic catalog and descriptions checked. Full visual and mathematical review remains open.
4.2,worksheet,I57,Properties of Exponents,Kuta Software,https://cdn.kutasoftware.com/Worksheets/Alg1/Properties%20of%20Exponents.pdf,,,,https://cdn.kutasoftware.com/Worksheets/Alg1/Properties%20of%20Exponents.pdf#page=3,verified,topic and answer correspondence inspected; sample calculations checked,2026-09-29,"Original file opened; topic and matching question labels inspected. Answer pages identified; sample calculations checked, not every answer."
4.2,worksheet,I58,More Properties of Exponents,Kuta Software,https://cdn.kutasoftware.com/Worksheets/Alg1/More%20Properties%20of%20Exponents.pdf,,,,https://cdn.kutasoftware.com/Worksheets/Alg1/More%20Properties%20of%20Exponents.pdf#page=3,verified,topic and answer correspondence inspected; sample calculations checked,2026-09-29,"Original file opened; topic and matching question labels inspected. Answer pages identified; sample calculations checked, not every answer."
4.3,teaching,A110,Rational Exponents,Mathispower4u,https://www.youtube.com/watch?v=LLeIOpcpgWQ,427,,,,verified,unresolved,2026-09-29,Actual watch-page metadata inspected; linked educator topic catalog and descriptions checked. Full visual and mathematical review remains open.
4.3,teaching,A182,Write Expressions Using Radicals and Rational Exponents,Mathispower4u,https://www.youtube.com/watch?v=5cWkVrANBWA,153,,,,verified,unresolved,2026-09-29,Actual watch-page metadata inspected; linked educator topic catalog and descriptions checked. Full visual and mathematical review remains open.
4.3,bonus,A187,Ex: Simplify Expressions with Rational Exponents,Mathispower4u,https://www.youtube.com/watch?v=XlDiETBEMKs,158,,,,verified,unresolved,2026-09-29,Actual watch-page metadata inspected; linked educator topic catalog and descriptions checked. Full visual and mathematical review remains open.
4.3,bonus,A189,Ex: Simplify an Expression with Negative Rational Exponents and Write in Radical Form,Mathispower4u,https://www.youtube.com/watch?v=nWdLVnS04BQ,194,,,,verified,unresolved,2026-09-29,Actual watch-page metadata inspected; linked educator topic catalog and descriptions checked. Full visual and mathematical review remains open.
4.3,worksheet,W76,Radicals and rational exponents,Kuta Software,https://cdn.kutasoftware.com/Worksheets/Alg2/Radicals%20and%20Rational%20Exponents.pdf,,,,https://cdn.kutasoftware.com/Worksheets/Alg2/Radicals%20and%20Rational%20Exponents.pdf#page=3,verified,topic and answer correspondence inspected; sample calculations checked,2026-09-29,"Original file opened; topic and matching question labels inspected. Answer pages identified; sample calculations checked, not every answer."
4.4,teaching,B1338,Simplify and Evaluate Compound Exponential Expressions,Mathispower4u,https://www.youtube.com/watch?v=mD06EyGja2w,277,,,,verified,unresolved,2026-09-29,Actual watch-page metadata inspected; linked educator topic catalog and descriptions checked. Full visual and mathematical review remains open.
4.4,teaching,A184,Simplify Radicals Using Rational Exponents,Mathispower4u,https://www.youtube.com/watch?v=CfxhFRHUq_M,191,,,,verified,unresolved,2026-09-29,Actual watch-page metadata inspected; linked educator topic catalog and descriptions checked. Full visual and mathematical review remains open.
4.4,bonus,B1385,Ex 4:  Simplify Expressions using Exponent Properties (Negative / Quotient / Power Properties),Mathispower4u,https://www.youtube.com/watch?v=LMDHi935XAQ,281,,,,verified,unresolved,2026-09-29,Actual watch-page metadata inspected; linked educator topic catalog and descriptions checked. Full visual and mathematical review remains open.
4.4,bonus,A188,Ex: Simplify an Expression with Rational Exponents and Write in Radical Form,Mathispower4u,https://www.youtube.com/watch?v=tXl4LiD6pkU,152,,,,verified,unresolved,2026-09-29,Actual watch-page metadata inspected; linked educator topic catalog and descriptions checked. Full visual and mathematical review remains open.
4.4,worksheet,W77,Simplifying rational exponents,Kuta Software,https://cdn.kutasoftware.com/Worksheets/Alg2/Simplifying%20Rational%20Exponents.pdf,,,,https://cdn.kutasoftware.com/Worksheets/Alg2/Simplifying%20Rational%20Exponents.pdf#page=3,verified,topic and answer correspondence inspected; sample calculations checked,2026-09-29,"Original file opened; topic and matching question labels inspected. Answer pages identified; sample calculations checked, not every answer."
4.5,teaching,A587,Graphing Basic Exponential Functions: Growth and Decay,Mathispower4u,https://www.youtube.com/watch?v=zsczJpEWR9o,558,,,,verified,unresolved,2026-09-29,Actual watch-page metadata inspected; linked educator topic catalog and descriptions checked. Full visual and mathematical review remains open.
4.5,teaching,A563,Match Basic Exponential Functions to the Correct Graphs (Growth and Decay),Mathispower4u,https://www.youtube.com/watch?v=xG_rOLf4MrI,365,,,,verified,unresolved,2026-09-29,Actual watch-page metadata inspected; linked educator topic catalog and descriptions checked. Full visual and mathematical review remains open.
4.5,bonus,A608,Ex 1: Determine if a Table Represents a Linear or Exponential Function and Find Equation  (Exp),Mathispower4u,https://www.youtube.com/watch?v=nPcmVpMLNDU,204,,,,verified,unresolved,2026-09-29,Actual watch-page metadata inspected; linked educator topic catalog and descriptions checked. Full visual and mathematical review remains open.
4.5,bonus,A589,Ex:  Determine Exponential Graphs that Have Specific Characteristics - y = ab^x,Mathispower4u,https://www.youtube.com/watch?v=9cZH-dERj1c,218,,,,verified,unresolved,2026-09-29,Actual watch-page metadata inspected; linked educator topic catalog and descriptions checked. Full visual and mathematical review remains open.
4.5,worksheet,W108,Graphing exponential functions,Kuta Software,https://cdn.kutasoftware.com/Worksheets/Alg2/Graphing%20Exponential%20Functions.pdf,,,,https://cdn.kutasoftware.com/Worksheets/Alg2/Graphing%20Exponential%20Functions.pdf#page=3,verified,topic and answer correspondence inspected; sample calculations checked,2026-09-29,"Original file opened; topic and matching question labels inspected. Answer pages identified; sample calculations checked, not every answer."
4.6,teaching,A593,Describe an Exponential Function Transformation: y=-2^x-1,Mathispower4u,https://www.youtube.com/watch?v=o85P_dJxxeM,188,,,,verified,unresolved,2026-09-29,Actual watch-page metadata inspected; linked educator topic catalog and descriptions checked. Full visual and mathematical review remains open.
4.6,teaching,A594,Match Exponential Functions to the Correct Graphs (Vertical Translations),Mathispower4u,https://www.youtube.com/watch?v=4ZV3k47qT6I,321,,,,verified,unresolved,2026-09-29,Actual watch-page metadata inspected; linked educator topic catalog and descriptions checked. Full visual and mathematical review remains open.
4.6,teaching,A926,Ex:  Equations of a Transformed Exponential Function,Mathispower4u,https://www.youtube.com/watch?v=bhGXeSiwnf4,435,,,,verified,sampled,2026-09-29,"Actual watch page title, creator and duration inspected. Visual sample shows four exponential translation/reflection equations with a calculator graph. The full explanation has not been reviewed."
4.6,bonus,A599,Ex:  Find the Equation of a Transformed Exponential Function From a Graph,Mathispower4u,https://www.youtube.com/watch?v=12LDAqnsH_w,263,,,,verified,unresolved,2026-09-29,Actual watch-page metadata inspected; linked educator topic catalog and descriptions checked. Full visual and mathematical review remains open.
4.6,bonus,A595,Match Exponential Functions to the Correct Graphs (Vertical Translations and Reflections),Mathispower4u,https://www.youtube.com/watch?v=4T6GHdgisiU,453,,,,verified,unresolved,2026-09-29,Actual watch-page metadata inspected; linked educator topic catalog and descriptions checked. Full visual and mathematical review remains open.
4.6,worksheet,P21,Graphing exponential functions,Kuta Software,https://cdn.kutasoftware.com/Worksheets/Precalc/03%20-%20Graphing%20Exponential%20Functions.pdf,,,,https://cdn.kutasoftware.com/Worksheets/Precalc/03%20-%20Graphing%20Exponential%20Functions.pdf#page=3,verified,topic and answer correspondence inspected; sample calculations checked,2026-09-29,"Original file opened; topic and matching question labels inspected. Answer pages identified; sample calculations checked, not every answer."
4.7,teaching,A573,Determine the Initial Value and Percent Rate of Change from an Exponential Equation,Mathispower4u,https://www.youtube.com/watch?v=jrY3yVcwRtk,175,,,,verified,unresolved,2026-09-29,Actual watch-page metadata inspected; linked educator topic catalog and descriptions checked. Full visual and mathematical review remains open.
4.7,teaching,A596,Ex: Exponential Application Solved Using a Graphing Calculator,Mathispower4u,https://www.youtube.com/watch?v=ZxxtsJMfVKg,255,,,,verified,unresolved,2026-09-29,Actual watch-page metadata inspected; linked educator topic catalog and descriptions checked. Full visual and mathematical review remains open.
4.7,bonus,A579,Interpret an Exponential Equation Modeling Depreciation,Mathispower4u,https://www.youtube.com/watch?v=J-uhG9YfoaY,183,,,,verified,unresolved,2026-09-29,Actual watch-page metadata inspected; linked educator topic catalog and descriptions checked. Full visual and mathematical review remains open.
4.7,bonus,A577,Write an Exponential Equation to Model World Population Growth,Mathispower4u,https://www.youtube.com/watch?v=FUqug8DNpyc,183,,,,verified,unresolved,2026-09-29,Actual watch-page metadata inspected; linked educator topic catalog and descriptions checked. Full visual and mathematical review remains open.
4.7,worksheet,W109,Discrete exponential growth and decay word problems,Kuta Software,https://cdn.kutasoftware.com/Worksheets/Alg2/Discrete%20Exponential%20Growth%20and%20Decay.pdf,,,,https://cdn.kutasoftware.com/Worksheets/Alg2/Discrete%20Exponential%20Growth%20and%20Decay.pdf#page=3,verified,topic and answer correspondence inspected; sample calculations checked,2026-09-29,"Original file opened; topic and matching question labels inspected. Answer pages identified; sample calculations checked, not every answer."
5.1,teaching,T57,Introduction to Trigonometric Functions Using Triangles,Mathispower4u,https://www.youtube.com/watch?v=Ujyl_zQw2zE,577,,,,verified,unresolved,2026-09-29,Actual watch-page metadata inspected; linked educator topic catalog and descriptions checked. Full visual and mathematical review remains open.
5.1,teaching,T69,"The Reciprocal, Quotient, and Pythagorean Identities",Mathispower4u,https://www.youtube.com/watch?v=4BR_qUZ5jK0,573,,,,verified,unresolved,2026-09-29,Actual watch-page metadata inspected; linked educator topic catalog and descriptions checked. Full visual and mathematical review remains open.
5.1,teaching,T169,Solve Right Triangles:  Part 1 The Basics,Mathispower4u,https://www.youtube.com/watch?v=p6hcLw4lzTQ,361,,,,verified,unresolved,2026-09-29,Actual watch-page metadata inspected; linked educator topic catalog and descriptions checked. Full visual and mathematical review remains open.
5.1,bonus,T185,Ex: Find Height of Building Using Angle of Elevation and Angle of Depression,Mathispower4u,https://www.youtube.com/watch?v=o7o4wllV-EI,308,,,,verified,unresolved,2026-09-29,Actual watch-page metadata inspected; linked educator topic catalog and descriptions checked. Full visual and mathematical review remains open.
5.1,bonus,T186,Find the Distance Between a Lighthouse and Ship Given the Angle of Depression,Mathispower4u,https://www.youtube.com/watch?v=ErhYnkcxTbw,206,,,,verified,unresolved,2026-09-29,Actual watch-page metadata inspected; linked educator topic catalog and descriptions checked. Full visual and mathematical review remains open.
5.1,worksheet,W121,Right triangle trig: Missing sides/angles,Kuta Software,https://cdn.kutasoftware.com/Worksheets/Alg2/Right%20Triangle%20Trig%20Missing%20Sides%20and%20Angles.pdf,,,,https://cdn.kutasoftware.com/Worksheets/Alg2/Right%20Triangle%20Trig%20Missing%20Sides%20and%20Angles.pdf#page=3,verified,topic and answer correspondence inspected; sample calculations checked,2026-09-29,"Original file opened; topic and matching question labels inspected. Answer pages identified; sample calculations checked, not every answer."
5.1,worksheet,P34,Right triangle trigonometry,Kuta Software,https://cdn.kutasoftware.com/Worksheets/Precalc/04%20-%20Right%20Triangle%20Trigonometry.pdf,,,,https://cdn.kutasoftware.com/Worksheets/Precalc/04%20-%20Right%20Triangle%20Trigonometry.pdf#page=3,verified,topic and answer correspondence inspected; sample calculations checked,2026-09-29,"Original file opened; topic and matching question labels inspected. Answer pages identified; sample calculations checked, not every answer."
5.2,teaching,T62,30-60-90 and 45-45-90 Triangles,Mathispower4u,https://www.youtube.com/watch?v=6Cb-XzSMXo4,477,,,,verified,unresolved,2026-09-29,Actual watch-page metadata inspected; linked educator topic catalog and descriptions checked. Full visual and mathematical review remains open.
5.2,teaching,T114,Ex:  Sine and Cosine Values Using the Unit Circle - Multiples of 30 degrees,Mathispower4u,https://www.youtube.com/watch?v=msxfIoXwjLI,204,,,,verified,unresolved,2026-09-29,Actual watch-page metadata inspected; linked educator topic catalog and descriptions checked. Full visual and mathematical review remains open.
5.2,bonus,T66,Example:  Determine the Perimeter of an Equilateral Triangle Given the Height,Mathispower4u,https://www.youtube.com/watch?v=XoOB7dJmL54,151,,,,verified,unresolved,2026-09-29,Actual watch-page metadata inspected; linked educator topic catalog and descriptions checked. Full visual and mathematical review remains open.
5.2,bonus,T93,Determine 6 Trig Function Values Using a Reference Triangle: 180 Degrees (Mult of 90),Mathispower4u,https://www.youtube.com/watch?v=RIawdJ0-GeE,194,,,,verified,unresolved,2026-09-29,Actual watch-page metadata inspected; linked educator topic catalog and descriptions checked. Full visual and mathematical review remains open.
5.2,worksheet,W126,Exact trig ratios of important angles,Kuta Software,https://cdn.kutasoftware.com/Worksheets/Alg2/Exact%20Trig%20Values%20of%20Special%20Angles.pdf,,,,https://cdn.kutasoftware.com/Worksheets/Alg2/Exact%20Trig%20Values%20of%20Special%20Angles.pdf#page=3,verified,topic and answer correspondence inspected; sample calculations checked,2026-09-29,"Original file opened; topic and matching question labels inspected. Answer pages identified; sample calculations checked, not every answer."
5.3,teaching,T22,Angles in Standard Position,Mathispower4u,https://www.youtube.com/watch?v=Xtk1PVRoDLQ,559,,,,verified,unresolved,2026-09-29,Actual watch-page metadata inspected; linked educator topic catalog and descriptions checked. Full visual and mathematical review remains open.
5.3,teaching,T67,Introduction to Trigonometric Functions Using Angles,Mathispower4u,https://www.youtube.com/watch?v=vaG4O6d48mo,609,,,,verified,unresolved,2026-09-29,Actual watch-page metadata inspected; linked educator topic catalog and descriptions checked. Full visual and mathematical review remains open.
5.3,teaching,T36,Determine Reference Angles of Angles Between 0 and 360 Degrees,Mathispower4u,https://www.youtube.com/watch?v=kJToPtSd5NY,315,,,,verified,unresolved,2026-09-29,Actual watch-page metadata inspected; linked educator topic catalog and descriptions checked. Full visual and mathematical review remains open.
5.3,bonus,T77,Example:  Determine the Quadrant of the Terminal Side of An Angle Given Trig Function Signs,Mathispower4u,https://www.youtube.com/watch?v=wlE1XM97EJc,208,,,,verified,unresolved,2026-09-29,Actual watch-page metadata inspected; linked educator topic catalog and descriptions checked. Full visual and mathematical review remains open.
5.3,bonus,T142,Example:  Determine Trig Function Values Given a Point on the Terminal Side of an Angle,Mathispower4u,https://www.youtube.com/watch?v=hCckoLUDIAc,233,,,,verified,unresolved,2026-09-29,Actual watch-page metadata inspected; linked educator topic catalog and descriptions checked. Full visual and mathematical review remains open.
5.3,worksheet,W123,Co-terminal angles and reference angles,Kuta Software,https://cdn.kutasoftware.com/Worksheets/Alg2/Coterminal%20Angles%20and%20Reference%20Angles.pdf,,,,https://cdn.kutasoftware.com/Worksheets/Alg2/Coterminal%20Angles%20and%20Reference%20Angles.pdf#page=3,verified,topic and answer correspondence inspected; sample calculations checked,2026-09-29,"Original file opened; topic and matching question labels inspected. Answer pages identified; sample calculations checked, not every answer."
5.4,teaching,T75,Determining Trig Function Values Using Reference Angles and Reference Triangles,Mathispower4u,https://www.youtube.com/watch?v=Gfwfjsb-s0g,572,,,,verified,unresolved,2026-09-29,Actual watch-page metadata inspected; linked educator topic catalog and descriptions checked. Full visual and mathematical review remains open.
5.4,teaching,T195,"Examples:  Determine Angles that have the Same Trig Function Value on the Interval [0, 360)",Mathispower4u,https://www.youtube.com/watch?v=khgZ55YYn0g,167,,,,verified,unresolved,2026-09-29,Actual watch-page metadata inspected; linked educator topic catalog and descriptions checked. Full visual and mathematical review remains open.
5.4,bonus,T79,"Find Sine, Cosine, and Tangent Values for 120 Degrees (Reference Triangle and Unit Circle)",Mathispower4u,https://www.youtube.com/watch?v=iyZa9p8v0BU,261,,,,verified,unresolved,2026-09-29,Actual watch-page metadata inspected; linked educator topic catalog and descriptions checked. Full visual and mathematical review remains open.
5.4,bonus,T154,Find 5 Trig Function Values Given Tangent Value and the Sign of Sine,Mathispower4u,https://www.youtube.com/watch?v=Cb9popwg6gw,330,,,,verified,unresolved,2026-09-29,Actual watch-page metadata inspected; linked educator topic catalog and descriptions checked. Full visual and mathematical review remains open.
5.4,worksheet,W125,Trig ratios of general angles,Kuta Software,https://cdn.kutasoftware.com/Worksheets/Alg2/Trig%20Ratios%20of%20General%20Angles.pdf,,,,https://cdn.kutasoftware.com/Worksheets/Alg2/Trig%20Ratios%20of%20General%20Angles.pdf#page=3,verified,topic and answer correspondence inspected; sample calculations checked,2026-09-29,"Original file opened; topic and matching question labels inspected. Answer pages identified; sample calculations checked, not every answer."
5.4,worksheet,W126,Exact trig ratios of important angles,Kuta Software,https://cdn.kutasoftware.com/Worksheets/Alg2/Exact%20Trig%20Values%20of%20Special%20Angles.pdf,,,,https://cdn.kutasoftware.com/Worksheets/Alg2/Exact%20Trig%20Values%20of%20Special%20Angles.pdf#page=3,verified,topic and answer correspondence inspected; sample calculations checked,2026-09-29,"Original file opened; topic and matching question labels inspected. Answer pages identified; sample calculations checked, not every answer."
5.5,teaching,T304,"Fundamental Trigonometric Identities:  Reciprocal, Quotient, and Pythagorean Identities",Mathispower4u,https://www.youtube.com/watch?v=OmJ5fxyXrfg,578,,,,verified,unresolved,2026-09-29,Actual watch-page metadata inspected; linked educator topic catalog and descriptions checked. Full visual and mathematical review remains open.
5.5,teaching,T315,Verifying Trigonometric Identities:  The Fundamental Identities,Mathispower4u,https://www.youtube.com/watch?v=Zktxkfr9zJE,459,,,,verified,unresolved,2026-09-29,Actual watch-page metadata inspected; linked educator topic catalog and descriptions checked. Full visual and mathematical review remains open.
5.5,bonus,T321,Simplify Trigonometric Expressions (Sum of Fractions:  sine and cosine),Mathispower4u,https://www.youtube.com/watch?v=DNvKP85vkHA,263,,,,verified,unresolved,2026-09-29,Actual watch-page metadata inspected; linked educator topic catalog and descriptions checked. Full visual and mathematical review remains open.
5.5,bonus,T323,Simplify Trigonometric Expressions: (Pythagorean Identities),Mathispower4u,https://www.youtube.com/watch?v=Z2buWFvEE7Y,270,,,,verified,unresolved,2026-09-29,Actual watch-page metadata inspected; linked educator topic catalog and descriptions checked. Full visual and mathematical review remains open.
5.5,worksheet,S34,Trigonometric Identities,Steve Sweeney — MCR3U course resources,https://stevesweeney.pbworks.com/w/file/fetch/53475247/WS%20-%20Trig%20Identities.pdf,,,,https://stevesweeney.pbworks.com/w/file/fetch/53475245/WS%20-%20Trig%20Identities%20600dpi.pdf,verified,topic and answer correspondence inspected; sample calculations checked,2026-09-29,"Original file opened; topic and matching question labels inspected. Answer pages identified; sample calculations checked, not every answer."
5.6,teaching,T543,The Law of Sines:  The Basics,Mathispower4u,https://www.youtube.com/watch?v=dxYVBbSXYkA,557,,,,verified,unresolved,2026-09-29,Actual watch-page metadata inspected; linked educator topic catalog and descriptions checked. Full visual and mathematical review remains open.
5.6,teaching,T544,The Law of Sines:  The Ambiguous Case,Mathispower4u,https://www.youtube.com/watch?v=ETqe-_plC3Y,603,,,,verified,unresolved,2026-09-29,Actual watch-page metadata inspected; linked educator topic catalog and descriptions checked. Full visual and mathematical review remains open.
5.6,bonus,T548,The Law of Sines - Two Solutions (SSA),Mathispower4u,https://www.youtube.com/watch?v=ijGxnVb9b9c,587,,,,verified,unresolved,2026-09-29,Actual watch-page metadata inspected; linked educator topic catalog and descriptions checked. Full visual and mathematical review remains open.
5.6,bonus,T560,Ex: Law of Sines to Determine a Height of a Building Given Two Angles of Elevation,Mathispower4u,https://www.youtube.com/watch?v=_IRZx8NZ4NU,418,,,,verified,unresolved,2026-09-29,Actual watch-page metadata inspected; linked educator topic catalog and descriptions checked. Full visual and mathematical review remains open.
5.6,worksheet,W127,The Law of Sines,Kuta Software,https://cdn.kutasoftware.com/Worksheets/Alg2/Law%20of%20Sines.pdf,,,,https://cdn.kutasoftware.com/Worksheets/Alg2/Law%20of%20Sines.pdf#page=3,verified,topic and answer correspondence inspected; sample calculations checked,2026-09-29,"Original file opened; topic and matching question labels inspected. Answer pages identified; sample calculations checked, not every answer."
5.6,worksheet,P45,The Law of Sines,Kuta Software,https://cdn.kutasoftware.com/Worksheets/Precalc/04%20-%20The%20Law%20of%20Sines.pdf,,,,https://cdn.kutasoftware.com/Worksheets/Precalc/04%20-%20The%20Law%20of%20Sines.pdf#page=3,verified,topic and answer correspondence inspected; sample calculations checked,2026-09-29,"Original file opened; topic and matching question labels inspected. Answer pages identified; sample calculations checked, not every answer."
5.7,teaching,T565,Use the Law of Cosines to Find the Length of a Side of a Triangle (SAS),Mathispower4u,https://www.youtube.com/watch?v=TqzT0U6ukZY,256,,,,verified,unresolved,2026-09-29,Actual watch-page metadata inspected; linked educator topic catalog and descriptions checked. Full visual and mathematical review remains open.
5.7,teaching,T566,Use the Law of Cosines to Find the Measure of an Angle of a Triangle (SSS),Mathispower4u,https://www.youtube.com/watch?v=W1Yieh4NF_A,299,,,,verified,unresolved,2026-09-29,Actual watch-page metadata inspected; linked educator topic catalog and descriptions checked. Full visual and mathematical review remains open.
5.7,bonus,T573,Ex:  Find Length of a Support Wire on a Hill Using the Law of Cosines,Mathispower4u,https://www.youtube.com/watch?v=MDhdJffe6ks,344,,,,verified,unresolved,2026-09-29,Actual watch-page metadata inspected; linked educator topic catalog and descriptions checked. Full visual and mathematical review remains open.
5.7,bonus,T574,Ex: Law of Cosines Application (Cable Car to Top of Mountain),Mathispower4u,https://www.youtube.com/watch?v=p-fuERqQ1jg,459,,,,verified,unresolved,2026-09-29,Actual watch-page metadata inspected; linked educator topic catalog and descriptions checked. Full visual and mathematical review remains open.
5.7,worksheet,W128,The Law of Cosines,Kuta Software,https://cdn.kutasoftware.com/Worksheets/Alg2/Law%20of%20Cosines.pdf,,,,https://cdn.kutasoftware.com/Worksheets/Alg2/Law%20of%20Cosines.pdf#page=3,verified,topic and answer correspondence inspected; sample calculations checked,2026-09-29,"Original file opened; topic and matching question labels inspected. Answer pages identified; sample calculations checked, not every answer."
5.8,teaching,T52,Find the Length of One Side of a Triangle Using Two Right Triangles,Mathispower4u,https://www.youtube.com/watch?v=9jZqFx1_75s,274,,,,verified,unresolved,2026-09-29,Actual watch-page metadata inspected; linked educator topic catalog and descriptions checked. Full visual and mathematical review remains open.
5.8,teaching,X3d1,3D Trigonometry Application How to Sketch and Solve PreCalculus,Anil Kumar,https://www.youtube.com/watch?v=0gvjUsAp6E4,562,,,,verified,unresolved,2026-09-29,Actual watch-page metadata inspected; linked educator topic catalog and descriptions checked. Full visual and mathematical review remains open.
5.8,bonus,S72,MCR3U - Trigonometry - 3-D Problem - Base Angle of Pyramid,Steve Sweeney,https://www.youtube.com/watch?v=r1OLwLlraCA,776,75,776,,verified,sampled,2026-09-29,Actual watch-page metadata inspected; linked educator topic catalog and descriptions checked. Full visual and mathematical review remains open.
5.8,bonus,X3d2,3D Trigonometry Application with Angle of Depression,Anil Kumar,https://www.youtube.com/watch?v=41nx4H9Ra08,731,25,730,,verified,sampled,2026-09-29,Actual watch-page metadata inspected; linked educator topic catalog and descriptions checked. Full visual and mathematical review remains open.
5.8,worksheet,G3,3D Pythagoras and Trigonometry,Maths Genie,https://old-asset.mathsgenie.co.uk/resources/7-3d-pythagoras-and-trigonometry.pdf,,,,https://old-asset.mathsgenie.co.uk/resources/7-3d-pythagoras-and-trigonometryans.pdf,verified,topic and answer correspondence inspected; sample calculations checked,2026-09-29,"Original file opened; topic and matching question labels inspected. Answer pages identified; sample calculations checked, not every answer."
5.8,worksheet,S6,Trigonometry Review,Steve Sweeney — MCR3U course resources,https://stevesweeney.pbworks.com/w/file/fetch/133571778/MCR3U%20-%20Trigonometry%20-%20Review%20Handout.pdf,,,,https://stevesweeney.pbworks.com/w/file/fetch/133571778/MCR3U%20-%20Trigonometry%20-%20Review%20Handout.pdf#page=2,verified,topic and answer correspondence inspected; sample calculations checked,2026-09-29,"Original file opened; topic and matching question labels inspected. Answer pages identified; sample calculations checked, not every answer."
6.1,teaching,S51,Unit Circle and Sine Wave,MrLovellFord,https://www.youtube.com/watch?v=Ohp6Okk_tww,29,,,,verified,unresolved,2026-09-29,Actual watch-page metadata inspected; linked educator topic catalog and descriptions checked. Full visual and mathematical review remains open.
6.1,teaching,D3,5 1b,mathmdhs,https://www.youtube.com/watch?v=tbIXP-e6PjI,710,,,,verified,unresolved,2026-09-29,Actual watch-page metadata inspected; linked educator topic catalog and descriptions checked. Full visual and mathematical review remains open.
6.1,bonus,D6,5 3Part1b,mathmdhs,https://www.youtube.com/watch?v=LOX_EIKF6UQ,379,,,,verified,unresolved,2026-09-29,Actual watch-page metadata inspected; linked educator topic catalog and descriptions checked. Full visual and mathematical review remains open.
6.1,bonus,D10,period1b,mathmdhs,https://www.youtube.com/watch?v=2e8w-TQhT8g,238,,,,verified,unresolved,2026-09-29,Actual watch-page metadata inspected; linked educator topic catalog and descriptions checked. Full visual and mathematical review remains open.
6.1,worksheet,S7,Periodic Functions Review,Steve Sweeney — MCR3U course resources,https://stevesweeney.pbworks.com/w/file/fetch/71403680/MCR3U%20-%20Periodic%20Functions%20-%20Review%20-%20F2013-2014.pdf,,,,https://stevesweeney.pbworks.com/w/file/fetch/71403680/MCR3U%20-%20Periodic%20Functions%20-%20Review%20-%20F2013-2014.pdf#page=3,verified,topic and answer correspondence inspected; sample calculations checked,2026-09-29,"Original file opened; topic and matching question labels inspected. Answer pages identified; sample calculations checked, not every answer."
6.2,teaching,T227,"Graphing Cosine, Sine, and Tangent Using Desmos (Degrees)",Mathispower4u,https://www.youtube.com/watch?v=Ts4QFf_0H6s,511,,,,verified,unresolved,2026-09-29,Actual watch-page metadata inspected; linked educator topic catalog and descriptions checked. Full visual and mathematical review remains open.
6.2,teaching,D3,5 1b,mathmdhs,https://www.youtube.com/watch?v=tbIXP-e6PjI,710,,,,verified,unresolved,2026-09-29,Actual watch-page metadata inspected; linked educator topic catalog and descriptions checked. Full visual and mathematical review remains open.
6.2,bonus,D6,5 3Part1b,mathmdhs,https://www.youtube.com/watch?v=LOX_EIKF6UQ,379,,,,verified,unresolved,2026-09-29,Actual watch-page metadata inspected; linked educator topic catalog and descriptions checked. Full visual and mathematical review remains open.
6.2,bonus,D10,period1b,mathmdhs,https://www.youtube.com/watch?v=2e8w-TQhT8g,238,,,,verified,unresolved,2026-09-29,Actual watch-page metadata inspected; linked educator topic catalog and descriptions checked. Full visual and mathematical review remains open.
6.2,worksheet,S7,Periodic Functions Review,Steve Sweeney — MCR3U course resources,https://stevesweeney.pbworks.com/w/file/fetch/71403680/MCR3U%20-%20Periodic%20Functions%20-%20Review%20-%20F2013-2014.pdf,,,,https://stevesweeney.pbworks.com/w/file/fetch/71403680/MCR3U%20-%20Periodic%20Functions%20-%20Review%20-%20F2013-2014.pdf#page=3,verified,topic and answer correspondence inspected; sample calculations checked,2026-09-29,"Original file opened; topic and matching question labels inspected. Answer pages identified; sample calculations checked, not every answer."
6.3,teaching,D7,5 3Part2a,mathmdhs,https://www.youtube.com/watch?v=QghJXic1s4E,523,,,,verified,unresolved,2026-09-29,Actual watch-page metadata inspected; linked educator topic catalog and descriptions checked. Full visual and mathematical review remains open.
6.3,teaching,D10,period1b,mathmdhs,https://www.youtube.com/watch?v=2e8w-TQhT8g,238,,,,verified,unresolved,2026-09-29,Actual watch-page metadata inspected; linked educator topic catalog and descriptions checked. Full visual and mathematical review remains open.
6.3,bonus,D12,Period1d,mathmdhs,https://www.youtube.com/watch?v=CGQ1U2pOXmk,500,,,,verified,unresolved,2026-09-29,Actual watch-page metadata inspected; linked educator topic catalog and descriptions checked. Full visual and mathematical review remains open.
6.3,bonus,S55,MCR3U - Periodic Functions - Determine Equation of Sinusoidal Function from Graph,Steve Sweeney,https://www.youtube.com/watch?v=shqv15kNYMM,1256,600,1255,,verified,sampled,2026-09-29,Actual watch-page metadata inspected; linked educator topic catalog and descriptions checked. Full visual and mathematical review remains open.
6.3,worksheet,S57,Determining Trigonometric Equations from Graphs,Steve Sweeney — MCR3U course resources,https://stevesweeney.pbworks.com/w/file/fetch/133787586/MCR3U%20-%20Periodic%2005%20-%20WS%20-%20Equations%20from%20Graphs.pdf,,,,https://stevesweeney.pbworks.com/w/file/fetch/133808076/MCR3U%20-%20Periodic%2005%20-%20WS%20-%20Equations%20from%20Graphs%20-%20Answers.pdf,verified,topic and answer correspondence inspected; sample calculations checked,2026-09-29,"Original file opened; topic and matching question labels inspected. Answer pages identified; sample calculations checked, not every answer."
6.4,teaching,D6,5 3Part1b,mathmdhs,https://www.youtube.com/watch?v=LOX_EIKF6UQ,379,,,,verified,unresolved,2026-09-29,Actual watch-page metadata inspected; linked educator topic catalog and descriptions checked. Full visual and mathematical review remains open.
6.4,teaching,D7,5 3Part2a,mathmdhs,https://www.youtube.com/watch?v=QghJXic1s4E,523,,,,verified,unresolved,2026-09-29,Actual watch-page metadata inspected; linked educator topic catalog and descriptions checked. Full visual and mathematical review remains open.
6.4,teaching,T227,"Graphing Cosine, Sine, and Tangent Using Desmos (Degrees)",Mathispower4u,https://www.youtube.com/watch?v=Ts4QFf_0H6s,511,,,,verified,unresolved,2026-09-29,Actual watch-page metadata inspected; linked educator topic catalog and descriptions checked. Full visual and mathematical review remains open.
6.4,bonus,D12,Period1d,mathmdhs,https://www.youtube.com/watch?v=CGQ1U2pOXmk,500,,,,verified,unresolved,2026-09-29,Actual watch-page metadata inspected; linked educator topic catalog and descriptions checked. Full visual and mathematical review remains open.
6.4,bonus,S65,MCR3U - Periodic Functions - Graphing Using Transformations & Key Points,Steve Sweeney,https://www.youtube.com/watch?v=L4YxwQJiZLo,791,75,790,,verified,sampled,2026-09-29,Actual watch-page metadata inspected; linked educator topic catalog and descriptions checked. Full visual and mathematical review remains open.
6.4,worksheet,S7,Periodic Functions Review,Steve Sweeney — MCR3U course resources,https://stevesweeney.pbworks.com/w/file/fetch/71403680/MCR3U%20-%20Periodic%20Functions%20-%20Review%20-%20F2013-2014.pdf,,,,https://stevesweeney.pbworks.com/w/file/fetch/71403680/MCR3U%20-%20Periodic%20Functions%20-%20Review%20-%20F2013-2014.pdf#page=3,verified,topic and answer correspondence inspected; sample calculations checked,2026-09-29,"Original file opened; topic and matching question labels inspected. Answer pages identified; sample calculations checked, not every answer."
6.5,teaching,D7,5 3Part2a,mathmdhs,https://www.youtube.com/watch?v=QghJXic1s4E,523,,,,verified,unresolved,2026-09-29,Actual watch-page metadata inspected; linked educator topic catalog and descriptions checked. Full visual and mathematical review remains open.
6.5,teaching,D12,Period1d,mathmdhs,https://www.youtube.com/watch?v=CGQ1U2pOXmk,500,,,,verified,unresolved,2026-09-29,Actual watch-page metadata inspected; linked educator topic catalog and descriptions checked. Full visual and mathematical review remains open.
6.5,bonus,S65,MCR3U - Periodic Functions - Graphing Using Transformations & Key Points,Steve Sweeney,https://www.youtube.com/watch?v=L4YxwQJiZLo,791,75,790,,verified,sampled,2026-09-29,Actual watch-page metadata inspected; linked educator topic catalog and descriptions checked. Full visual and mathematical review remains open.
6.5,bonus,D10,period1b,mathmdhs,https://www.youtube.com/watch?v=2e8w-TQhT8g,238,,,,verified,unresolved,2026-09-29,Actual watch-page metadata inspected; linked educator topic catalog and descriptions checked. Full visual and mathematical review remains open.
6.5,worksheet,S7,Periodic Functions Review,Steve Sweeney — MCR3U course resources,https://stevesweeney.pbworks.com/w/file/fetch/71403680/MCR3U%20-%20Periodic%20Functions%20-%20Review%20-%20F2013-2014.pdf,,,,https://stevesweeney.pbworks.com/w/file/fetch/71403680/MCR3U%20-%20Periodic%20Functions%20-%20Review%20-%20F2013-2014.pdf#page=3,verified,topic and answer correspondence inspected; sample calculations checked,2026-09-29,"Original file opened; topic and matching question labels inspected. Answer pages identified; sample calculations checked, not every answer."
6.6,teaching,D6,5 3Part1b,mathmdhs,https://www.youtube.com/watch?v=LOX_EIKF6UQ,379,,,,verified,unresolved,2026-09-29,Actual watch-page metadata inspected; linked educator topic catalog and descriptions checked. Full visual and mathematical review remains open.
6.6,teaching,D14,App2,mathmdhs,https://www.youtube.com/watch?v=KusnEnox5ww,327,,,,verified,unresolved,2026-09-29,Actual watch-page metadata inspected; linked educator topic catalog and descriptions checked. Full visual and mathematical review remains open.
6.6,bonus,S55,MCR3U - Periodic Functions - Determine Equation of Sinusoidal Function from Graph,Steve Sweeney,https://www.youtube.com/watch?v=shqv15kNYMM,1256,600,1255,,verified,sampled,2026-09-29,Actual watch-page metadata inspected; linked educator topic catalog and descriptions checked. Full visual and mathematical review remains open.
6.6,bonus,T300,Model the Amount of Sea Ice Using a Transformation of the Cosine Function,Mathispower4u,https://www.youtube.com/watch?v=21Cj8pjhsMA,355,,,,verified,unresolved,2026-09-29,Actual watch-page metadata inspected; linked educator topic catalog and descriptions checked. Full visual and mathematical review remains open.
6.6,worksheet,S57,Determining Trigonometric Equations from Graphs,Steve Sweeney — MCR3U course resources,https://stevesweeney.pbworks.com/w/file/fetch/133787586/MCR3U%20-%20Periodic%2005%20-%20WS%20-%20Equations%20from%20Graphs.pdf,,,,https://stevesweeney.pbworks.com/w/file/fetch/133808076/MCR3U%20-%20Periodic%2005%20-%20WS%20-%20Equations%20from%20Graphs%20-%20Answers.pdf,verified,topic and answer correspondence inspected; sample calculations checked,2026-09-29,"Original file opened; topic and matching question labels inspected. Answer pages identified; sample calculations checked, not every answer."
6.6,worksheet,S7,Periodic Functions Review,Steve Sweeney — MCR3U course resources,https://stevesweeney.pbworks.com/w/file/fetch/71403680/MCR3U%20-%20Periodic%20Functions%20-%20Review%20-%20F2013-2014.pdf,,,,https://stevesweeney.pbworks.com/w/file/fetch/71403680/MCR3U%20-%20Periodic%20Functions%20-%20Review%20-%20F2013-2014.pdf#page=3,verified,topic and answer correspondence inspected; sample calculations checked,2026-09-29,"Original file opened; topic and matching question labels inspected. Answer pages identified; sample calculations checked, not every answer."
6.7,teaching,D14,App2,mathmdhs,https://www.youtube.com/watch?v=KusnEnox5ww,327,,,,verified,unresolved,2026-09-29,Actual watch-page metadata inspected; linked educator topic catalog and descriptions checked. Full visual and mathematical review remains open.
6.7,teaching,T299,Modeling Daylight Hours With a Sine Function Value: Points of Intersection Using Desmos,Mathispower4u,https://www.youtube.com/watch?v=2vOb5jhgj4c,145,,,,verified,unresolved,2026-09-29,Actual watch-page metadata inspected; linked educator topic catalog and descriptions checked. Full visual and mathematical review remains open.
6.7,bonus,D15,Page 228 Question 3 c&d,Brenda.Brodhagen MDHS,https://www.youtube.com/watch?v=qPHVMhmsKVs,458,,,,verified,unresolved,2026-09-29,Actual watch-page metadata inspected; linked educator topic catalog and descriptions checked. Full visual and mathematical review remains open.
6.7,bonus,T297,Model Daily Temperature Using a Cosine Transformation,Mathispower4u,https://www.youtube.com/watch?v=XXdqz8vcJQg,314,,,,verified,unresolved,2026-09-29,Actual watch-page metadata inspected; linked educator topic catalog and descriptions checked. Full visual and mathematical review remains open.
6.7,worksheet,S7,Periodic Functions Review,Steve Sweeney — MCR3U course resources,https://stevesweeney.pbworks.com/w/file/fetch/71403680/MCR3U%20-%20Periodic%20Functions%20-%20Review%20-%20F2013-2014.pdf,,,,https://stevesweeney.pbworks.com/w/file/fetch/71403680/MCR3U%20-%20Periodic%20Functions%20-%20Review%20-%20F2013-2014.pdf#page=3,verified,topic and answer correspondence inspected; sample calculations checked,2026-09-29,"Original file opened; topic and matching question labels inspected. Answer pages identified; sample calculations checked, not every answer."
7.1,teaching,A984,Arithmetic Sequences,Mathispower4u,https://www.youtube.com/watch?v=jExpsJTu9o8,457,,,,verified,unresolved,2026-09-29,Actual watch-page metadata inspected; linked educator topic catalog and descriptions checked. Full visual and mathematical review remains open.
7.1,teaching,A989,Determine if a Sequence is Arithmetic or Not,Mathispower4u,https://www.youtube.com/watch?v=CtdpClOcZtU,355,,,,verified,unresolved,2026-09-29,Actual watch-page metadata inspected; linked educator topic catalog and descriptions checked. Full visual and mathematical review remains open.
7.1,bonus,A992,Find 1st Term and d of an Arithmetic Sequence Given the 10th and 19th term (System),Mathispower4u,https://www.youtube.com/watch?v=faAgJSdTr_4,263,,,,verified,unresolved,2026-09-29,Actual watch-page metadata inspected; linked educator topic catalog and descriptions checked. Full visual and mathematical review remains open.
7.1,bonus,A1012,Determine a Terms Position in an Arithmetic Sequence,Mathispower4u,https://www.youtube.com/watch?v=uACt9OntiLo,179,,,,verified,unresolved,2026-09-29,Actual watch-page metadata inspected; linked educator topic catalog and descriptions checked. Full visual and mathematical review remains open.
7.1,worksheet,W112,Arithmetic sequences,Kuta Software,https://cdn.kutasoftware.com/Worksheets/Alg2/Arithmetic%20Sequences.pdf,,,,https://cdn.kutasoftware.com/Worksheets/Alg2/Arithmetic%20Sequences.pdf#page=3,verified,topic and answer correspondence inspected; sample calculations checked,2026-09-29,"Original file opened; topic and matching question labels inspected. Answer pages identified; sample calculations checked, not every answer."
7.2,teaching,A998,Geometric Sequences,Mathispower4u,https://www.youtube.com/watch?v=XHyeLKZYb2w,485,,,,verified,unresolved,2026-09-29,Actual watch-page metadata inspected; linked educator topic catalog and descriptions checked. Full visual and mathematical review remains open.
7.2,teaching,A1002,Determine the First 5 Terms of a Geometric Sequence Given the First Term and Common ratio (Negative),Mathispower4u,https://www.youtube.com/watch?v=Y5m9vCN-yEs,217,,,,verified,unresolved,2026-09-29,Actual watch-page metadata inspected; linked educator topic catalog and descriptions checked. Full visual and mathematical review remains open.
7.2,bonus,A1029,Formula for a Geometric Sequence Given 6th and 9th Terms (System),Mathispower4u,https://www.youtube.com/watch?v=DC2aKQZUh8I,268,,,,verified,unresolved,2026-09-29,Actual watch-page metadata inspected; linked educator topic catalog and descriptions checked. Full visual and mathematical review remains open.
7.2,bonus,A1006,Determine the 12th Term of a Geometric Sequence Given the First Several Terms,Mathispower4u,https://www.youtube.com/watch?v=2g0S_W3rRjs,202,,,,verified,unresolved,2026-09-29,Actual watch-page metadata inspected; linked educator topic catalog and descriptions checked. Full visual and mathematical review remains open.
7.2,worksheet,W113,Geometric sequences,Kuta Software,https://cdn.kutasoftware.com/Worksheets/Alg2/Geometric%20Sequences.pdf,,,,https://cdn.kutasoftware.com/Worksheets/Alg2/Geometric%20Sequences.pdf#page=3,verified,topic and answer correspondence inspected; sample calculations checked,2026-09-29,"Original file opened; topic and matching question labels inspected. Answer pages identified; sample calculations checked, not every answer."
7.3,teaching,A999,"Determine if a Sequence is Arithmetic, Geometric, or Neither",Mathispower4u,https://www.youtube.com/watch?v=TCl-4KXCm-w,352,,,,verified,unresolved,2026-09-29,Actual watch-page metadata inspected; linked educator topic catalog and descriptions checked. Full visual and mathematical review remains open.
7.3,teaching,A1034,Determine the Formula for a Sequence Using Pattern Recognition: Introduction,Mathispower4u,https://www.youtube.com/watch?v=jsVKTuGoes4,477,,,,verified,unresolved,2026-09-29,Actual watch-page metadata inspected; linked educator topic catalog and descriptions checked. Full visual and mathematical review remains open.
7.3,bonus,A1032,Determine the Formula for a Sequence Using Pattern Recognition: Fractions / Alternating Signs,Mathispower4u,https://www.youtube.com/watch?v=izzFGZftg7E,372,,,,verified,unresolved,2026-09-29,Actual watch-page metadata inspected; linked educator topic catalog and descriptions checked. Full visual and mathematical review remains open.
7.3,bonus,A1033,Determine the Formula for a Sequence Using Pattern Recognition: Fractions,Mathispower4u,https://www.youtube.com/watch?v=ZA_9Qqv4Sgg,258,,,,verified,unresolved,2026-09-29,Actual watch-page metadata inspected; linked educator topic catalog and descriptions checked. Full visual and mathematical review remains open.
7.3,worksheet,W111,General sequences,Kuta Software,https://cdn.kutasoftware.com/Worksheets/Alg2/Introduction%20to%20Sequences.pdf,,,,https://cdn.kutasoftware.com/Worksheets/Alg2/Introduction%20to%20Sequences.pdf#page=3,verified,topic and answer correspondence inspected; sample calculations checked,2026-09-29,"Original file opened; topic and matching question labels inspected. Answer pages identified; sample calculations checked, not every answer."
7.3,worksheet,W114,Comparing Arithmetic/Geometric Sequences,Kuta Software,https://cdn.kutasoftware.com/Worksheets/Alg2/Comparing%20Arithmetic%20and%20Geometric%20Sequences.pdf,,,,https://cdn.kutasoftware.com/Worksheets/Alg2/Comparing%20Arithmetic%20and%20Geometric%20Sequences.pdf#page=3,verified,topic and answer correspondence inspected; sample calculations checked,2026-09-29,"Original file opened; topic and matching question labels inspected. Answer pages identified; sample calculations checked, not every answer."
7.4,teaching,A1016,Find Terms in a Sequence Using a Recursive Formula,Mathispower4u,https://www.youtube.com/watch?v=gdfUO0whoLo,211,,,,verified,unresolved,2026-09-29,Actual watch-page metadata inspected; linked educator topic catalog and descriptions checked. Full visual and mathematical review remains open.
7.4,teaching,A988,Find the First 5 Terms of an Arithmetic Sequence Given a Recursive Formula Using Function Notation,Mathispower4u,https://www.youtube.com/watch?v=YYNIHzQ7KoA,191,,,,verified,unresolved,2026-09-29,Actual watch-page metadata inspected; linked educator topic catalog and descriptions checked. Full visual and mathematical review remains open.
7.4,teaching,Xfib,The Fibonacci Sequence,Mathispower4u,https://www.youtube.com/watch?v=ZC-d4dKTyKw,402,,,,verified,unresolved,2026-09-29,Actual watch-page metadata inspected; linked educator topic catalog and descriptions checked. Full visual and mathematical review remains open.
7.4,bonus,A1017,Ex: Finding Terms in a Sequence Given a Recursive Formula,Mathispower4u,https://www.youtube.com/watch?v=RjsyEWDEQe0,292,,,,verified,unresolved,2026-09-29,Actual watch-page metadata inspected; linked educator topic catalog and descriptions checked. Full visual and mathematical review remains open.
7.4,bonus,A1005,Find the First 5 Terms of a Geometric Sequence Given a Recursive Formula Using Function Notation,Mathispower4u,https://www.youtube.com/watch?v=6cFQzynf05A,237,,,,verified,unresolved,2026-09-29,Actual watch-page metadata inspected; linked educator topic catalog and descriptions checked. Full visual and mathematical review remains open.
7.4,worksheet,W111,General sequences,Kuta Software,https://cdn.kutasoftware.com/Worksheets/Alg2/Introduction%20to%20Sequences.pdf,,,,https://cdn.kutasoftware.com/Worksheets/Alg2/Introduction%20to%20Sequences.pdf#page=3,verified,topic and answer correspondence inspected; sample calculations checked,2026-09-29,"Original file opened; topic and matching question labels inspected. Answer pages identified; sample calculations checked, not every answer."
7.5,teaching,A1036,Introduction to Arithmetic Series,Mathispower4u,https://www.youtube.com/watch?v=GZH68SubgRE,437,,,,verified,unresolved,2026-09-29,Actual watch-page metadata inspected; linked educator topic catalog and descriptions checked. Full visual and mathematical review remains open.
7.5,teaching,A997,Determine the Sum an Arithmetic Sequence Given the Sequence of Terms,Mathispower4u,https://www.youtube.com/watch?v=jgV_LM7jgWA,275,,,,verified,unresolved,2026-09-29,Actual watch-page metadata inspected; linked educator topic catalog and descriptions checked. Full visual and mathematical review remains open.
7.5,bonus,A1076,Ex: Arithmetic Series Application - Number of Auditorium Seats,Mathispower4u,https://www.youtube.com/watch?v=ydE4XojYdBg,210,,,,verified,unresolved,2026-09-29,Actual watch-page metadata inspected; linked educator topic catalog and descriptions checked. Full visual and mathematical review remains open.
7.5,bonus,A1059,Sum of Arithmetic Sequence Given  4th and 12th Term,Mathispower4u,https://www.youtube.com/watch?v=vJvGq8Y0qb4,312,,,,verified,unresolved,2026-09-29,Actual watch-page metadata inspected; linked educator topic catalog and descriptions checked. Full visual and mathematical review remains open.
7.5,worksheet,W116,Arithmetic series,Kuta Software,https://cdn.kutasoftware.com/Worksheets/Alg2/Arithmetic%20Series.pdf,,,,https://cdn.kutasoftware.com/Worksheets/Alg2/Arithmetic%20Series.pdf#page=3,verified,topic and answer correspondence inspected; sample calculations checked,2026-09-29,"Original file opened; topic and matching question labels inspected. Answer pages identified; sample calculations checked, not every answer."
7.5,worksheet,P82,Arithmetic sequences and series,Kuta Software,https://cdn.kutasoftware.com/Worksheets/Precalc/13%20-%20Arithmetic%20Sequences%20and%20Series.pdf,,,,https://cdn.kutasoftware.com/Worksheets/Precalc/13%20-%20Arithmetic%20Sequences%20and%20Series.pdf#page=3,verified,topic and answer correspondence inspected; sample calculations checked,2026-09-29,"Original file opened; topic and matching question labels inspected. Answer pages identified; sample calculations checked, not every answer."
7.6,teaching,A1038,Geometric Series,Mathispower4u,https://www.youtube.com/watch?v=mYg5gKlJjHc,511,,,,verified,unresolved,2026-09-29,Actual watch-page metadata inspected; linked educator topic catalog and descriptions checked. Full visual and mathematical review remains open.
7.6,teaching,A1004,Find a Partial Sum of a Geometric Sequence (Fractional r value),Mathispower4u,https://www.youtube.com/watch?v=Wq8SW9p15I8,138,,,,verified,unresolved,2026-09-29,Actual watch-page metadata inspected; linked educator topic catalog and descriptions checked. Full visual and mathematical review remains open.
7.6,bonus,A1060,Ex 1: Find the Partial Sum of a Geometric Series,Mathispower4u,https://www.youtube.com/watch?v=VrbW7rSOGrs,194,,,,verified,unresolved,2026-09-29,Actual watch-page metadata inspected; linked educator topic catalog and descriptions checked. Full visual and mathematical review remains open.
7.6,bonus,A1077,Ex: Geometric Series Application - Total Income with Doubling Pay,Mathispower4u,https://www.youtube.com/watch?v=8QcEZtb9Iuc,207,,,,verified,unresolved,2026-09-29,Actual watch-page metadata inspected; linked educator topic catalog and descriptions checked. Full visual and mathematical review remains open.
7.6,worksheet,W118,Finite geometric series,Kuta Software,https://cdn.kutasoftware.com/Worksheets/Alg2/Finite%20Geometric%20Series.pdf,,,,https://cdn.kutasoftware.com/Worksheets/Alg2/Finite%20Geometric%20Series.pdf#page=3,verified,topic and answer correspondence inspected; sample calculations checked,2026-09-29,"Original file opened; topic and matching question labels inspected. Answer pages identified; sample calculations checked, not every answer."
7.7,teaching,A1088,Ex 1: The Binomial Theorem Using Pascal's Triangle,Mathispower4u,https://www.youtube.com/watch?v=kVxrnqDKerI,447,,,,verified,unresolved,2026-09-29,Actual watch-page metadata inspected; linked educator topic catalog and descriptions checked. Full visual and mathematical review remains open.
7.7,teaching,A1084,Ex 1: The Binomial Theorem Using Combinations,Mathispower4u,https://www.youtube.com/watch?v=2ZNmLHMZBRI,451,,,,verified,unresolved,2026-09-29,Actual watch-page metadata inspected; linked educator topic catalog and descriptions checked. Full visual and mathematical review remains open.
7.7,bonus,A1089,Ex 2: The Binomial Theorem Using Pascal's Triangle,Mathispower4u,https://www.youtube.com/watch?v=0l9hJC3yKW0,361,,,,verified,unresolved,2026-09-29,Actual watch-page metadata inspected; linked educator topic catalog and descriptions checked. Full visual and mathematical review remains open.
7.7,bonus,A1086,Ex 3: The Binomial Theorem Using Combinations,Mathispower4u,https://www.youtube.com/watch?v=vyORzdTWbC0,477,,,,verified,unresolved,2026-09-29,Actual watch-page metadata inspected; linked educator topic catalog and descriptions checked. Full visual and mathematical review remains open.
7.7,worksheet,W69,The Binomial Theorem,Kuta Software,https://cdn.kutasoftware.com/Worksheets/Alg2/The%20Binomial%20Theorem.pdf,,,,https://cdn.kutasoftware.com/Worksheets/Alg2/The%20Binomial%20Theorem.pdf#page=2,verified,topic and answer correspondence inspected; sample calculations checked,2026-09-29,"Original file opened; topic and matching question labels inspected. Answer pages identified; sample calculations checked, not every answer."
F1,teaching,F264,The Simple Interest Formula,Mathispower4u,https://www.youtube.com/watch?v=r3-lyBGlJ98,378,,,,verified,unresolved,2026-09-29,Actual watch-page metadata inspected; linked educator topic catalog and descriptions checked. Full visual and mathematical review remains open.
F1,teaching,F266,Complete a Simple Interest Table Over 5 Years,Mathispower4u,https://www.youtube.com/watch?v=7qI4D5zSphg,249,,,,verified,unresolved,2026-09-29,Actual watch-page metadata inspected; linked educator topic catalog and descriptions checked. Full visual and mathematical review remains open.
F1,bonus,F267,Simple Interest: Find a Deposit Needed for a Balance in the Future,Mathispower4u,https://www.youtube.com/watch?v=9TPRWfKkhuc,190,,,,verified,unresolved,2026-09-29,Actual watch-page metadata inspected; linked educator topic catalog and descriptions checked. Full visual and mathematical review remains open.
F1,bonus,F269,Simple Interest: Determine the Interest Rate Needed for Doubling an Investment,Mathispower4u,https://www.youtube.com/watch?v=Uwg_NUNRmn8,221,,,,verified,unresolved,2026-09-29,Actual watch-page metadata inspected; linked educator topic catalog and descriptions checked. Full visual and mathematical review remains open.
F1,worksheet,H0,Simple Interest,Lourdes Mathematics,https://lourdesmath.weebly.com/uploads/5/9/7/7/5977474/mcr3u_simpleinterest.docx,,,,https://lourdesmath.weebly.com/uploads/5/9/7/7/5977474/mcr3u_simpleinterest_soln.pdf,verified,topic and answer correspondence inspected; sample calculations checked,2026-09-29,"Original file opened; topic and matching question labels inspected. Answer pages identified; sample calculations checked, not every answer."
F1,worksheet,S8,Discrete Functions Review,Steve Sweeney — MCR3U course resources,https://stevesweeney.pbworks.com/w/file/fetch/134065521/MCR3U%20-%20Discrete%20Functions%20-%20Review.pdf,,,,https://stevesweeney.pbworks.com/w/file/fetch/134065521/MCR3U%20-%20Discrete%20Functions%20-%20Review.pdf#page=2,verified,topic and answer correspondence inspected; sample calculations checked,2026-09-29,"Original file opened; topic and matching question labels inspected. Answer pages identified; sample calculations checked, not every answer."
F2,teaching,F270,Compounded Interest,Mathispower4u,https://www.youtube.com/watch?v=XgVnygbLnJw,431,,,,verified,unresolved,2026-09-29,Actual watch-page metadata inspected; linked educator topic catalog and descriptions checked. Full visual and mathematical review remains open.
F2,teaching,F272,"Compare Simple Interest and Interest Compounded Annually, Quarterly, and Monthly",Mathispower4u,https://www.youtube.com/watch?v=84x_IZCVXYM,349,,,,verified,unresolved,2026-09-29,Actual watch-page metadata inspected; linked educator topic catalog and descriptions checked. Full visual and mathematical review remains open.
F2,bonus,F274,Ex 1:  Compounded Interest Formula - Quarterly,Mathispower4u,https://www.youtube.com/watch?v=3az4AKvUmmI,202,,,,verified,unresolved,2026-09-29,Actual watch-page metadata inspected; linked educator topic catalog and descriptions checked. Full visual and mathematical review remains open.
F2,bonus,F279,Account Balance and Interest Earned with Simple and Compounded Interest,Mathispower4u,https://www.youtube.com/watch?v=U_CCwjm_q8k,477,,,,verified,unresolved,2026-09-29,Actual watch-page metadata inspected; linked educator topic catalog and descriptions checked. Full visual and mathematical review remains open.
F2,worksheet,P32,Compound interest,Kuta Software,https://cdn.kutasoftware.com/Worksheets/Precalc/03%20-%20Compound%20Interest.pdf,,,,https://cdn.kutasoftware.com/Worksheets/Precalc/03%20-%20Compound%20Interest.pdf#page=2,verified,topic and answer correspondence inspected; sample calculations checked,2026-09-29,"Original file opened; topic and matching question labels inspected. Answer pages identified; sample calculations checked, not every answer."
F2,worksheet,H2,Compound Interest,Lourdes Mathematics,https://lourdesmath.weebly.com/uploads/5/9/7/7/5977474/mcr3u_compoundinterest.docx,,,,https://lourdesmath.weebly.com/uploads/5/9/7/7/5977474/mcr3u_compoundinterest_soln.pdf,verified,topic and answer correspondence inspected; sample calculations checked,2026-09-29,"Original file opened; topic and matching question labels inspected. Answer pages identified; sample calculations checked, not every answer."
F3,teaching,F280,Compounded Interest: Solve for Principal (Present Value),Mathispower4u,https://www.youtube.com/watch?v=deaVTm3rcrY,373,,,,verified,unresolved,2026-09-29,Actual watch-page metadata inspected; linked educator topic catalog and descriptions checked. Full visual and mathematical review remains open.
F3,teaching,F276,Lesson: Solving Compounded Interest Problems Using a TVM Solver,Mathispower4u,https://www.youtube.com/watch?v=xxx41pXNytU,457,,,,verified,unresolved,2026-09-29,Actual watch-page metadata inspected; linked educator topic catalog and descriptions checked. Full visual and mathematical review remains open.
F3,bonus,F275,Ex: Compounded Interest Formula - Determine Deposit Needed (Present Value),Mathispower4u,https://www.youtube.com/watch?v=saq9dF7a4r8,288,,,,verified,unresolved,2026-09-29,Actual watch-page metadata inspected; linked educator topic catalog and descriptions checked. Full visual and mathematical review remains open.
F3,bonus,F281,Ex: TI84 TVM Solver - Present Value Value with Compounded Interest,Mathispower4u,https://www.youtube.com/watch?v=xABlSeeggEg,160,,,,verified,unresolved,2026-09-29,Actual watch-page metadata inspected; linked educator topic catalog and descriptions checked. Full visual and mathematical review remains open.
F3,worksheet,P32,Compound interest,Kuta Software,https://cdn.kutasoftware.com/Worksheets/Precalc/03%20-%20Compound%20Interest.pdf,,,,https://cdn.kutasoftware.com/Worksheets/Precalc/03%20-%20Compound%20Interest.pdf#page=2,verified,topic and answer correspondence inspected; sample calculations checked,2026-09-29,"Original file opened; topic and matching question labels inspected. Answer pages identified; sample calculations checked, not every answer."
F3,worksheet,H2,Compound Interest,Lourdes Mathematics,https://lourdesmath.weebly.com/uploads/5/9/7/7/5977474/mcr3u_compoundinterest.docx,,,,https://lourdesmath.weebly.com/uploads/5/9/7/7/5977474/mcr3u_compoundinterest_soln.pdf,verified,topic and answer correspondence inspected; sample calculations checked,2026-09-29,"Original file opened; topic and matching question labels inspected. Answer pages identified; sample calculations checked, not every answer."
F4,teaching,F299,Derive the Value of an Annuity Formula (Compounded Interest),Mathispower4u,https://www.youtube.com/watch?v=pP4STpYxYe8,453,,,,verified,unresolved,2026-09-29,Actual watch-page metadata inspected; linked educator topic catalog and descriptions checked. Full visual and mathematical review remains open.
F4,teaching,F295,Complete a Saving Table with Monthly Deposits and Compounded Interest,Mathispower4u,https://www.youtube.com/watch?v=SFsyTvXdbZg,300,,,,verified,unresolved,2026-09-29,Actual watch-page metadata inspected; linked educator topic catalog and descriptions checked. Full visual and mathematical review remains open.
F4,bonus,F301,Determine the Future Value of a Savings Annuity Using a Formula  (Quarterly),Mathispower4u,https://www.youtube.com/watch?v=AKg9dCTfoJI,191,,,,verified,unresolved,2026-09-29,Actual watch-page metadata inspected; linked educator topic catalog and descriptions checked. Full visual and mathematical review remains open.
F4,bonus,F309,Determine Monthly Deposit Needed Given Future Value of Savings Annuity (Formula),Mathispower4u,https://www.youtube.com/watch?v=HnGdpzGrGtY,328,,,,verified,unresolved,2026-09-29,Actual watch-page metadata inspected; linked educator topic catalog and descriptions checked. Full visual and mathematical review remains open.
F4,worksheet,H6,Practice: Future Value Annuities,Lourdes Mathematics,https://lourdesmath.weebly.com/uploads/5/9/7/7/5977474/mcr3u_futurevalueannuities_practice.docx,,,,https://lourdesmath.weebly.com/uploads/5/9/7/7/5977474/mcr3u_futurevalueannuities_practice_soln.pdf,verified,topic and answer correspondence inspected; sample calculations checked,2026-09-29,"Original file opened; topic and matching question labels inspected. Answer pages identified; sample calculations checked, not every answer."
F4,worksheet,S8,Discrete Functions Review,Steve Sweeney — MCR3U course resources,https://stevesweeney.pbworks.com/w/file/fetch/134065521/MCR3U%20-%20Discrete%20Functions%20-%20Review.pdf,,,,https://stevesweeney.pbworks.com/w/file/fetch/134065521/MCR3U%20-%20Discrete%20Functions%20-%20Review.pdf#page=2,verified,topic and answer correspondence inspected; sample calculations checked,2026-09-29,"Original file opened; topic and matching question labels inspected. Answer pages identified; sample calculations checked, not every answer."
F5,teaching,F313,Payout Annuity Formula - Part 1,Mathispower4u,https://www.youtube.com/watch?v=zxRFWEj5v5w,590,,,,verified,unresolved,2026-09-29,Actual watch-page metadata inspected; linked educator topic catalog and descriptions checked. Full visual and mathematical review remains open.
F5,teaching,F318,The Installment Loan Formula,Mathispower4u,https://www.youtube.com/watch?v=i6TM7za1L5o,557,,,,verified,unresolved,2026-09-29,Actual watch-page metadata inspected; linked educator topic catalog and descriptions checked. Full visual and mathematical review remains open.
F5,bonus,F315,Determine Present Value of a Payout Annuity (Formula),Mathispower4u,https://www.youtube.com/watch?v=o30s2GMOtJU,297,,,,verified,unresolved,2026-09-29,Actual watch-page metadata inspected; linked educator topic catalog and descriptions checked. Full visual and mathematical review remains open.
F5,bonus,F328,Determine a Max Car Loan Given a Monthly Payment (Formula),Mathispower4u,https://www.youtube.com/watch?v=nAk3HyMvGUQ,219,,,,verified,unresolved,2026-09-29,Actual watch-page metadata inspected; linked educator topic catalog and descriptions checked. Full visual and mathematical review remains open.
F5,worksheet,H8,Present Value Annuities,Lourdes Mathematics,https://lourdesmath.weebly.com/uploads/5/9/7/7/5977474/mcr3u_presentvalueannuities.docx,,,,https://lourdesmath.weebly.com/uploads/5/9/7/7/5977474/mcr3u_presentvalueannuities_soln.pdf,verified,topic and answer correspondence inspected; sample calculations checked,2026-09-29,"Original file opened; topic and matching question labels inspected. Answer pages identified; sample calculations checked, not every answer."
F5,worksheet,H15,Review Worksheet: Financial Mathematics,Lourdes Mathematics,https://lourdesmath.weebly.com/uploads/5/9/7/7/5977474/mcr3u_financialmathsummary.docx,,,,https://lourdesmath.weebly.com/uploads/5/9/7/7/5977474/mcr3u_financialmathsummary_soln.pdf,verified,topic and answer correspondence inspected; sample calculations checked,2026-09-29,"Original file opened; topic and matching question labels inspected. Answer pages identified; sample calculations checked, not every answer."
F6,teaching,F276,Lesson: Solving Compounded Interest Problems Using a TVM Solver,Mathispower4u,https://www.youtube.com/watch?v=xxx41pXNytU,457,,,,verified,unresolved,2026-09-29,Actual watch-page metadata inspected; linked educator topic catalog and descriptions checked. Full visual and mathematical review remains open.
F6,teaching,F345,Free Online TVM Solver: Balance of a Savings Annuity at Retirement,Mathispower4u,https://www.youtube.com/watch?v=g6KzY0dYipQ,237,,,,verified,unresolved,2026-09-29,Actual watch-page metadata inspected; linked educator topic catalog and descriptions checked. Full visual and mathematical review remains open.
F6,bonus,F307,Compare Saving Annuity and Then Compounded Versus Straight Saving Annuity (TI-84 TVM Solver),Mathispower4u,https://www.youtube.com/watch?v=e6N42NVEF94,445,,,,verified,unresolved,2026-09-29,Actual watch-page metadata inspected; linked educator topic catalog and descriptions checked. Full visual and mathematical review remains open.
F6,bonus,F320,Determine the Number of Months to Pay off a Loan (TI-84 TVM Solver),Mathispower4u,https://www.youtube.com/watch?v=DFQSlBF6lg0,146,,,,verified,unresolved,2026-09-29,Actual watch-page metadata inspected; linked educator topic catalog and descriptions checked. Full visual and mathematical review remains open.
F6,worksheet,H6,Practice: Future Value Annuities,Lourdes Mathematics,https://lourdesmath.weebly.com/uploads/5/9/7/7/5977474/mcr3u_futurevalueannuities_practice.docx,,,,https://lourdesmath.weebly.com/uploads/5/9/7/7/5977474/mcr3u_futurevalueannuities_practice_soln.pdf,verified,topic and answer correspondence inspected; sample calculations checked,2026-09-29,"Original file opened; topic and matching question labels inspected. Answer pages identified; sample calculations checked, not every answer."
F6,worksheet,H15,Review Worksheet: Financial Mathematics,Lourdes Mathematics,https://lourdesmath.weebly.com/uploads/5/9/7/7/5977474/mcr3u_financialmathsummary.docx,,,,https://lourdesmath.weebly.com/uploads/5/9/7/7/5977474/mcr3u_financialmathsummary_soln.pdf,verified,topic and answer correspondence inspected; sample calculations checked,2026-09-29,"Original file opened; topic and matching question labels inspected. Answer pages identified; sample calculations checked, not every answer."
Review 1,review video,A907,Functions Transformations:  A Summary,Mathispower4u,https://www.youtube.com/watch?v=An29CALYjAA,500,,,,verified,unresolved,2026-09-29,Actual watch-page metadata inspected; linked educator topic catalog and descriptions checked. Full visual and mathematical review remains open.
Review 1,review video,A908,Determine the Transformation of an Ordered Pair Given the Function Rule (1),Mathispower4u,https://www.youtube.com/watch?v=249RGyWx268,197,,,,verified,unresolved,2026-09-29,Actual watch-page metadata inspected; linked educator topic catalog and descriptions checked. Full visual and mathematical review remains open.
Review 1,review video,A626,"Ex:  Restrict the Domain to Make a Function 1 to 1, Then Find the Inverse",Mathispower4u,https://www.youtube.com/watch?v=rsJ14O5-KDw,268,,,,verified,unresolved,2026-09-29,Actual watch-page metadata inspected; linked educator topic catalog and descriptions checked. Full visual and mathematical review remains open.
Review 1,review worksheet,W16,Continuous relations,Kuta Software,https://cdn.kutasoftware.com/Worksheets/Alg2/Continuous%20Relations.pdf,,,,https://cdn.kutasoftware.com/Worksheets/Alg2/Continuous%20Relations.pdf#page=3,verified,topic and answer correspondence inspected; sample calculations checked,2026-09-29,"Original file opened; topic and matching question labels inspected. Answer pages identified; sample calculations checked, not every answer."
Review 1,review worksheet,P8,Transformations of graphs,Kuta Software,https://cdn.kutasoftware.com/Worksheets/Precalc/01%20-%20Transformations%20of%20Graphs.pdf,,,,https://cdn.kutasoftware.com/Worksheets/Precalc/01%20-%20Transformations%20of%20Graphs.pdf#page=3,verified,topic and answer correspondence inspected; sample calculations checked,2026-09-29,"Original file opened; topic and matching question labels inspected. Answer pages identified; sample calculations checked, not every answer."
Review 1,review worksheet,W72,Inverse functions,Kuta Software,https://cdn.kutasoftware.com/Worksheets/Alg2/Function%20Inverses.pdf,,,,https://cdn.kutasoftware.com/Worksheets/Alg2/Function%20Inverses.pdf#page=3,verified,topic and answer correspondence inspected; sample calculations checked,2026-09-29,"Original file opened; topic and matching question labels inspected. Answer pages identified; sample calculations checked, not every answer."
Review 2,review video,B1528,Factoring Trinomials:  Trial and Error and Grouping,Mathispower4u,https://www.youtube.com/watch?v=55wm2c1xkp0,585,,,,verified,unresolved,2026-09-29,Actual watch-page metadata inspected; linked educator topic catalog and descriptions checked. Full visual and mathematical review remains open.
Review 2,review video,A326,Simplify and Give the Domain of Rational Expressions,Mathispower4u,https://www.youtube.com/watch?v=tJiz5rEktBs,480,,,,verified,unresolved,2026-09-29,Actual watch-page metadata inspected; linked educator topic catalog and descriptions checked. Full visual and mathematical review remains open.
Review 2,review video,A387,Ex: Subtracting Rational Expressions (Factoring With a Not 1),Mathispower4u,https://www.youtube.com/watch?v=p5LAWY8tL8s,420,,,,verified,unresolved,2026-09-29,Actual watch-page metadata inspected; linked educator topic catalog and descriptions checked. Full visual and mathematical review remains open.
Review 2,review worksheet,W48,Factoring quadratic expressions,Kuta Software,https://cdn.kutasoftware.com/Worksheets/Alg2/Factoring%20Quadratic%20Expressions.pdf,,,,https://cdn.kutasoftware.com/Worksheets/Alg2/Factoring%20Quadratic%20Expressions.pdf#page=3,verified,topic and answer correspondence inspected; sample calculations checked,2026-09-29,"Original file opened; topic and matching question labels inspected. Answer pages identified; sample calculations checked, not every answer."
Review 2,review worksheet,S4,Rational Expressions & Rational Functions Review,Steve Sweeney — MCR3U course resources,https://stevesweeney.pbworks.com/w/file/fetch/132786861/MCR3U%20Review%20-%20Handout%20-%20Rational%20Expressions%20with%20answers.pdf,,,,https://stevesweeney.pbworks.com/w/file/fetch/132786861/MCR3U%20Review%20-%20Handout%20-%20Rational%20Expressions%20with%20answers.pdf#page=2,verified,topic and answer correspondence inspected; sample calculations checked,2026-09-29,"Original file opened; topic and matching question labels inspected. Answer pages identified; sample calculations checked, not every answer."
Review 3,review video,B1648,"Solve a Quadratic Equation by Completing the Square (a not 1, b is odd)",Mathispower4u,https://www.youtube.com/watch?v=ZwbsNOth9MQ,283,,,,verified,unresolved,2026-09-29,Actual watch-page metadata inspected; linked educator topic catalog and descriptions checked. Full visual and mathematical review remains open.
Review 3,review video,A636,Find the Inverse Function of a Quadratic with Domain Restriction and State the Domain and Range,Mathispower4u,https://www.youtube.com/watch?v=toFNUq9JC3g,311,,,,verified,unresolved,2026-09-29,Actual watch-page metadata inspected; linked educator topic catalog and descriptions checked. Full visual and mathematical review remains open.
Review 3,review video,B1303,Solve a Nonlinear System Using the Elimination (Addition) Method: Line and Parabola,Mathispower4u,https://www.youtube.com/watch?v=VlRQwcYW_Ak,259,,,,verified,unresolved,2026-09-29,Actual watch-page metadata inspected; linked educator topic catalog and descriptions checked. Full visual and mathematical review remains open.
Review 3,review worksheet,S2,Quadratics Review,Steve Sweeney — MCR3U course resources,https://stevesweeney.pbworks.com/w/file/fetch/132119310/MCR3U%20-%20Quad%20-%20Review%202018-2019.pdf,,,,https://stevesweeney.pbworks.com/w/file/fetch/132119310/MCR3U%20-%20Quad%20-%20Review%202018-2019.pdf#page=2,verified,topic and answer correspondence inspected; sample calculations checked,2026-09-29,"Original file opened; topic and matching question labels inspected. Answer pages identified; sample calculations checked, not every answer."
Review 3,review worksheet,L8,The Inverse of a Quadratic Function,Lourdes Mathematics,https://lourdesmath.weebly.com/uploads/5/9/7/7/5977474/mcr3u_inverseofaquadratic.docx,,,,https://lourdesmath.weebly.com/uploads/5/9/7/7/5977474/mcr3u_inverseofaquadratic_soln.pdf,verified,topic and answer correspondence inspected; sample calculations checked,2026-09-29,"Original file opened; topic and matching question labels inspected. Answer pages identified; sample calculations checked, not every answer."
Review 4,review video,A587,Graphing Basic Exponential Functions: Growth and Decay,Mathispower4u,https://www.youtube.com/watch?v=zsczJpEWR9o,558,,,,verified,unresolved,2026-09-29,Actual watch-page metadata inspected; linked educator topic catalog and descriptions checked. Full visual and mathematical review remains open.
Review 4,review video,A594,Match Exponential Functions to the Correct Graphs (Vertical Translations),Mathispower4u,https://www.youtube.com/watch?v=4ZV3k47qT6I,321,,,,verified,unresolved,2026-09-29,Actual watch-page metadata inspected; linked educator topic catalog and descriptions checked. Full visual and mathematical review remains open.
Review 4,review video,A596,Ex: Exponential Application Solved Using a Graphing Calculator,Mathispower4u,https://www.youtube.com/watch?v=ZxxtsJMfVKg,255,,,,verified,unresolved,2026-09-29,Actual watch-page metadata inspected; linked educator topic catalog and descriptions checked. Full visual and mathematical review remains open.
Review 4,review worksheet,I58,More Properties of Exponents,Kuta Software,https://cdn.kutasoftware.com/Worksheets/Alg1/More%20Properties%20of%20Exponents.pdf,,,,https://cdn.kutasoftware.com/Worksheets/Alg1/More%20Properties%20of%20Exponents.pdf#page=3,verified,topic and answer correspondence inspected; sample calculations checked,2026-09-29,"Original file opened; topic and matching question labels inspected. Answer pages identified; sample calculations checked, not every answer."
Review 4,review worksheet,S5,Exponential Functions Review,Steve Sweeney — MCR3U course resources,https://stevesweeney.pbworks.com/w/file/fetch/133135704/MCR3U%20-%20Exponential%20Review.pdf,,,,https://stevesweeney.pbworks.com/w/file/fetch/133135704/MCR3U%20-%20Exponential%20Review.pdf#page=2,verified,topic and answer correspondence inspected; sample calculations checked,2026-09-29,"Original file opened; topic and matching question labels inspected. Answer pages identified; sample calculations checked, not every answer."
Review 5,review video,T114,Ex:  Sine and Cosine Values Using the Unit Circle - Multiples of 30 degrees,Mathispower4u,https://www.youtube.com/watch?v=msxfIoXwjLI,204,,,,verified,unresolved,2026-09-29,Actual watch-page metadata inspected; linked educator topic catalog and descriptions checked. Full visual and mathematical review remains open.
Review 5,review video,T544,The Law of Sines:  The Ambiguous Case,Mathispower4u,https://www.youtube.com/watch?v=ETqe-_plC3Y,603,,,,verified,unresolved,2026-09-29,Actual watch-page metadata inspected; linked educator topic catalog and descriptions checked. Full visual and mathematical review remains open.
Review 5,review video,T565,Use the Law of Cosines to Find the Length of a Side of a Triangle (SAS),Mathispower4u,https://www.youtube.com/watch?v=TqzT0U6ukZY,256,,,,verified,unresolved,2026-09-29,Actual watch-page metadata inspected; linked educator topic catalog and descriptions checked. Full visual and mathematical review remains open.
Review 5,review worksheet,S6,Trigonometry Review,Steve Sweeney — MCR3U course resources,https://stevesweeney.pbworks.com/w/file/fetch/133571778/MCR3U%20-%20Trigonometry%20-%20Review%20Handout.pdf,,,,https://stevesweeney.pbworks.com/w/file/fetch/133571778/MCR3U%20-%20Trigonometry%20-%20Review%20Handout.pdf#page=2,verified,topic and answer correspondence inspected; sample calculations checked,2026-09-29,"Original file opened; topic and matching question labels inspected. Answer pages identified; sample calculations checked, not every answer."
Review 5,review worksheet,S34,Trigonometric Identities,Steve Sweeney — MCR3U course resources,https://stevesweeney.pbworks.com/w/file/fetch/53475247/WS%20-%20Trig%20Identities.pdf,,,,https://stevesweeney.pbworks.com/w/file/fetch/53475245/WS%20-%20Trig%20Identities%20600dpi.pdf,verified,topic and answer correspondence inspected; sample calculations checked,2026-09-29,"Original file opened; topic and matching question labels inspected. Answer pages identified; sample calculations checked, not every answer."
Review 6,review video,D6,5 3Part1b,mathmdhs,https://www.youtube.com/watch?v=LOX_EIKF6UQ,379,,,,verified,unresolved,2026-09-29,Actual watch-page metadata inspected; linked educator topic catalog and descriptions checked. Full visual and mathematical review remains open.
Review 6,review video,D10,period1b,mathmdhs,https://www.youtube.com/watch?v=2e8w-TQhT8g,238,,,,verified,unresolved,2026-09-29,Actual watch-page metadata inspected; linked educator topic catalog and descriptions checked. Full visual and mathematical review remains open.
Review 6,review video,D14,App2,mathmdhs,https://www.youtube.com/watch?v=KusnEnox5ww,327,,,,verified,unresolved,2026-09-29,Actual watch-page metadata inspected; linked educator topic catalog and descriptions checked. Full visual and mathematical review remains open.
Review 6,review worksheet,S7,Periodic Functions Review,Steve Sweeney — MCR3U course resources,https://stevesweeney.pbworks.com/w/file/fetch/71403680/MCR3U%20-%20Periodic%20Functions%20-%20Review%20-%20F2013-2014.pdf,,,,https://stevesweeney.pbworks.com/w/file/fetch/71403680/MCR3U%20-%20Periodic%20Functions%20-%20Review%20-%20F2013-2014.pdf#page=3,verified,topic and answer correspondence inspected; sample calculations checked,2026-09-29,"Original file opened; topic and matching question labels inspected. Answer pages identified; sample calculations checked, not every answer."
Review 6,review worksheet,S57,Determining Trigonometric Equations from Graphs,Steve Sweeney — MCR3U course resources,https://stevesweeney.pbworks.com/w/file/fetch/133787586/MCR3U%20-%20Periodic%2005%20-%20WS%20-%20Equations%20from%20Graphs.pdf,,,,https://stevesweeney.pbworks.com/w/file/fetch/133808076/MCR3U%20-%20Periodic%2005%20-%20WS%20-%20Equations%20from%20Graphs%20-%20Answers.pdf,verified,topic and answer correspondence inspected; sample calculations checked,2026-09-29,"Original file opened; topic and matching question labels inspected. Answer pages identified; sample calculations checked, not every answer."
Review 7,review video,A1036,Introduction to Arithmetic Series,Mathispower4u,https://www.youtube.com/watch?v=GZH68SubgRE,437,,,,verified,unresolved,2026-09-29,Actual watch-page metadata inspected; linked educator topic catalog and descriptions checked. Full visual and mathematical review remains open.
Review 7,review video,A1038,Geometric Series,Mathispower4u,https://www.youtube.com/watch?v=mYg5gKlJjHc,511,,,,verified,unresolved,2026-09-29,Actual watch-page metadata inspected; linked educator topic catalog and descriptions checked. Full visual and mathematical review remains open.
Review 7,review video,F276,Lesson: Solving Compounded Interest Problems Using a TVM Solver,Mathispower4u,https://www.youtube.com/watch?v=xxx41pXNytU,457,,,,verified,unresolved,2026-09-29,Actual watch-page metadata inspected; linked educator topic catalog and descriptions checked. Full visual and mathematical review remains open.
Review 7,review worksheet,S8,Discrete Functions Review,Steve Sweeney — MCR3U course resources,https://stevesweeney.pbworks.com/w/file/fetch/134065521/MCR3U%20-%20Discrete%20Functions%20-%20Review.pdf,,,,https://stevesweeney.pbworks.com/w/file/fetch/134065521/MCR3U%20-%20Discrete%20Functions%20-%20Review.pdf#page=2,verified,topic and answer correspondence inspected; sample calculations checked,2026-09-29,"Original file opened; topic and matching question labels inspected. Answer pages identified; sample calculations checked, not every answer."
Review 7,review worksheet,W69,The Binomial Theorem,Kuta Software,https://cdn.kutasoftware.com/Worksheets/Alg2/The%20Binomial%20Theorem.pdf,,,,https://cdn.kutasoftware.com/Worksheets/Alg2/The%20Binomial%20Theorem.pdf#page=2,verified,topic and answer correspondence inspected; sample calculations checked,2026-09-29,"Original file opened; topic and matching question labels inspected. Answer pages identified; sample calculations checked, not every answer."
Review 7,review worksheet,H15,Review Worksheet: Financial Mathematics,Lourdes Mathematics,https://lourdesmath.weebly.com/uploads/5/9/7/7/5977474/mcr3u_financialmathsummary.docx,,,,https://lourdesmath.weebly.com/uploads/5/9/7/7/5977474/mcr3u_financialmathsummary_soln.pdf,verified,topic and answer correspondence inspected; sample calculations checked,2026-09-29,"Original file opened; topic and matching question labels inspected. Answer pages identified; sample calculations checked, not every answer."
Review final,review video,A907,Functions Transformations:  A Summary,Mathispower4u,https://www.youtube.com/watch?v=An29CALYjAA,500,,,,verified,unresolved,2026-09-29,Actual watch-page metadata inspected; linked educator topic catalog and descriptions checked. Full visual and mathematical review remains open.
Review final,review video,B1648,"Solve a Quadratic Equation by Completing the Square (a not 1, b is odd)",Mathispower4u,https://www.youtube.com/watch?v=ZwbsNOth9MQ,283,,,,verified,unresolved,2026-09-29,Actual watch-page metadata inspected; linked educator topic catalog and descriptions checked. Full visual and mathematical review remains open.
Review final,review video,D14,App2,mathmdhs,https://www.youtube.com/watch?v=KusnEnox5ww,327,,,,verified,unresolved,2026-09-29,Actual watch-page metadata inspected; linked educator topic catalog and descriptions checked. Full visual and mathematical review remains open.
Review final,review video,F276,Lesson: Solving Compounded Interest Problems Using a TVM Solver,Mathispower4u,https://www.youtube.com/watch?v=xxx41pXNytU,457,,,,verified,unresolved,2026-09-29,Actual watch-page metadata inspected; linked educator topic catalog and descriptions checked. Full visual and mathematical review remains open.
Review final,review worksheet,P8,Transformations of graphs,Kuta Software,https://cdn.kutasoftware.com/Worksheets/Precalc/01%20-%20Transformations%20of%20Graphs.pdf,,,,https://cdn.kutasoftware.com/Worksheets/Precalc/01%20-%20Transformations%20of%20Graphs.pdf#page=3,verified,topic and answer correspondence inspected; sample calculations checked,2026-09-29,"Original file opened; topic and matching question labels inspected. Answer pages identified; sample calculations checked, not every answer."
Review final,review worksheet,S4,Rational Expressions & Rational Functions Review,Steve Sweeney — MCR3U course resources,https://stevesweeney.pbworks.com/w/file/fetch/132786861/MCR3U%20Review%20-%20Handout%20-%20Rational%20Expressions%20with%20answers.pdf,,,,https://stevesweeney.pbworks.com/w/file/fetch/132786861/MCR3U%20Review%20-%20Handout%20-%20Rational%20Expressions%20with%20answers.pdf#page=2,verified,topic and answer correspondence inspected; sample calculations checked,2026-09-29,"Original file opened; topic and matching question labels inspected. Answer pages identified; sample calculations checked, not every answer."
Review final,review worksheet,S2,Quadratics Review,Steve Sweeney — MCR3U course resources,https://stevesweeney.pbworks.com/w/file/fetch/132119310/MCR3U%20-%20Quad%20-%20Review%202018-2019.pdf,,,,https://stevesweeney.pbworks.com/w/file/fetch/132119310/MCR3U%20-%20Quad%20-%20Review%202018-2019.pdf#page=2,verified,topic and answer correspondence inspected; sample calculations checked,2026-09-29,"Original file opened; topic and matching question labels inspected. Answer pages identified; sample calculations checked, not every answer."
Review final,review worksheet,S5,Exponential Functions Review,Steve Sweeney — MCR3U course resources,https://stevesweeney.pbworks.com/w/file/fetch/133135704/MCR3U%20-%20Exponential%20Review.pdf,,,,https://stevesweeney.pbworks.com/w/file/fetch/133135704/MCR3U%20-%20Exponential%20Review.pdf#page=2,verified,topic and answer correspondence inspected; sample calculations checked,2026-09-29,"Original file opened; topic and matching question labels inspected. Answer pages identified; sample calculations checked, not every answer."
Review final,review worksheet,S6,Trigonometry Review,Steve Sweeney — MCR3U course resources,https://stevesweeney.pbworks.com/w/file/fetch/133571778/MCR3U%20-%20Trigonometry%20-%20Review%20Handout.pdf,,,,https://stevesweeney.pbworks.com/w/file/fetch/133571778/MCR3U%20-%20Trigonometry%20-%20Review%20Handout.pdf#page=2,verified,topic and answer correspondence inspected; sample calculations checked,2026-09-29,"Original file opened; topic and matching question labels inspected. Answer pages identified; sample calculations checked, not every answer."
Review final,review worksheet,S7,Periodic Functions Review,Steve Sweeney — MCR3U course resources,https://stevesweeney.pbworks.com/w/file/fetch/71403680/MCR3U%20-%20Periodic%20Functions%20-%20Review%20-%20F2013-2014.pdf,,,,https://stevesweeney.pbworks.com/w/file/fetch/71403680/MCR3U%20-%20Periodic%20Functions%20-%20Review%20-%20F2013-2014.pdf#page=3,verified,topic and answer correspondence inspected; sample calculations checked,2026-09-29,"Original file opened; topic and matching question labels inspected. Answer pages identified; sample calculations checked, not every answer."
Review final,review worksheet,S8,Discrete Functions Review,Steve Sweeney — MCR3U course resources,https://stevesweeney.pbworks.com/w/file/fetch/134065521/MCR3U%20-%20Discrete%20Functions%20-%20Review.pdf,,,,https://stevesweeney.pbworks.com/w/file/fetch/134065521/MCR3U%20-%20Discrete%20Functions%20-%20Review.pdf#page=2,verified,topic and answer correspondence inspected; sample calculations checked,2026-09-29,"Original file opened; topic and matching question labels inspected. Answer pages identified; sample calculations checked, not every answer."
Review final,review worksheet,H15,Review Worksheet: Financial Mathematics,Lourdes Mathematics,https://lourdesmath.weebly.com/uploads/5/9/7/7/5977474/mcr3u_financialmathsummary.docx,,,,https://lourdesmath.weebly.com/uploads/5/9/7/7/5977474/mcr3u_financialmathsummary_soln.pdf,verified,topic and answer correspondence inspected; sample calculations checked,2026-09-29,"Original file opened; topic and matching question labels inspected. Answer pages identified; sample calculations checked, not every answer."
